,INDEX,SHOOTER,X,Y,RANGE,DEFENDER,SCORE,RANGE_num,RANGE_region
0,0,Seth Curry,-3.808987264612848,0.5836210329779304,"(0, 4)",Chris Paul,MADE,3.8534396961827615,Under basket
1,1,Seth Curry,-0.1042785818707121,0.9191379991298648,"(0, 4)",Trae Young,MADE,0.9250344231872769,Under basket
2,2,Seth Curry,-0.5258639738883018,3.912239470287461,"(0, 4)",Trae Young,MADE,3.947423285120144,Under basket
3,3,Seth Curry,-0.7906163067308213,2.503781995732393,"(0, 4)",Chris Paul,MADE,2.6256424788273,Under basket
4,4,Seth Curry,2.119074134577157,0.3205339413772531,"(0, 4)",Trae Young,MADE,2.1431792261518314,Under basket
5,5,Seth Curry,0.7536142849155287,2.0535536809218526,"(0, 4)",Chris Paul,MADE,2.187468219393469,Under basket
6,6,Seth Curry,-2.535078337739349,0.6269159719909243,"(0, 4)",Russell Westbrook,MADE,2.6114451582242015,Under basket
7,7,Seth Curry,-3.236862719722141,1.6196334807394268,"(0, 4)",Chris Paul,MADE,3.6194603020697884,Under basket
8,8,Seth Curry,2.045765211540049,3.142181667747595,"(0, 4)",Chris Paul,MADE,3.7494614191743003,Under basket
9,9,Seth Curry,2.8216087464886024,1.4268624991891796,"(0, 4)",Chris Paul,MADE,3.1618685155858985,Under basket
10,10,Seth Curry,-3.5653972645374594,0.857231179400534,"(0, 4)",Trae Young,MADE,3.66700190195037,Under basket
11,11,Seth Curry,0.2715221940412637,0.3975501768466053,"(0, 4)",Trae Young,MISSED,0.481425430329297,Under basket
12,12,Seth Curry,-2.373094260256837,1.1300969935913965,"(0, 4)",Russell Westbrook,MISSED,2.628439762099991,Under basket
13,13,Seth Curry,-1.6396772583071162,0.7373457977958713,"(0, 4)",Russell Westbrook,MISSED,1.7978376837013879,Under basket
14,14,Seth Curry,-2.099553198215926,1.5594888722229567,"(0, 4)",Russell Westbrook,MISSED,2.61536406160327,Under basket
15,15,Seth Curry,0.840827901086277,3.3303729004900844,"(0, 4)",Russell Westbrook,MISSED,3.434876302803915,Under basket
16,16,Seth Curry,-5.783569388642611,3.2165361122816187,"(5, 9)",Trae Young,MADE,6.617837972846995,Under basket
17,17,Seth Curry,1.1219727886110151,6.942689961085185,"(5, 9)",Russell Westbrook,MADE,7.0327638119118285,Under basket
18,18,Seth Curry,-2.5044678956548703,7.140492100520407,"(5, 9)",Trae Young,MADE,7.5669668215184,Under basket
19,19,Seth Curry,2.8879326088863007,5.632597151548308,"(5, 9)",Trae Young,MADE,6.329795053957035,Under basket
20,20,Seth Curry,3.1126125659413733,6.834422861104389,"(5, 9)",Chris Paul,MADE,7.509839733978511,Under basket
21,21,Seth Curry,6.0263229880245595,3.5369633913459366,"(5, 9)",Trae Young,MADE,6.987608946393222,Under basket
22,22,Seth Curry,-4.587841330970633,6.74574291007642,"(5, 9)",Trae Young,MADE,8.15802276823304,Under basket
23,23,Seth Curry,4.938713308316974,4.634100096088453,"(5, 9)",Trae Young,MADE,6.772427396607084,Under basket
24,24,Seth Curry,-4.529730139406908,5.410632848383722,"(5, 9)",Trae Young,MISSED,7.056444073034256,Under basket
25,25,Seth Curry,4.859280937251904,4.39755041251136,"(5, 9)",Chris Paul,MISSED,6.553705887337222,Under basket
26,26,Seth Curry,-7.673401305698339,0.516084297010312,"(5, 9)",Russell Westbrook,MISSED,7.690736674721974,Under basket
27,27,Seth Curry,7.087774379189594,2.182458796776953,"(5, 9)",Russell Westbrook,MISSED,7.416176376673193,Under basket
28,28,Seth Curry,-12.22333478324553,1.9363947406815776,"(10, 14)",Trae Young,MADE,12.375764130551264,Within 3p Line
29,29,Seth Curry,9.099430561018144,10.590804575220831,"(10, 14)",Trae Young,MADE,13.96297883996497,Within 3p Line
30,30,Seth Curry,7.351106861896578,9.569725757599247,"(10, 14)",Trae Young,MADE,12.067245881752863,Within 3p Line
31,31,Seth Curry,12.203405565543251,4.242282586792286,"(10, 14)",Trae Young,MADE,12.919754987743888,Within 3p Line
32,32,Seth Curry,-3.0583529732171018,12.02510336719498,"(10, 14)",Trae Young,MADE,12.407926253025117,Within 3p Line
33,33,Seth Curry,-13.6518105178394,0.7756122526018817,"(10, 14)",Russell Westbrook,MISSED,13.673825535722495,Within 3p Line
34,34,Seth Curry,3.426317347173276,12.349370983359728,"(10, 14)",Russell Westbrook,MISSED,12.815873526536837,Within 3p Line
35,35,Seth Curry,12.666616559796164,0.6788065744460692,"(10, 14)",Russell Westbrook,MISSED,12.684792211085432,Within 3p Line
36,36,Seth Curry,-10.108484645859642,6.516315169169883,"(10, 14)",Russell Westbrook,MISSED,12.026796132783396,Within 3p Line
37,37,Seth Curry,12.091995742784764,0.924298514826607,"(10, 14)",Chris Paul,MISSED,12.127270459094888,Within 3p Line
38,38,Seth Curry,12.192265102835789,1.1825293866495374,"(10, 14)",Russell Westbrook,MISSED,12.249477706748037,Within 3p Line
39,39,Seth Curry,-12.531259232918243,4.5000860622079175,"(10, 14)",Chris Paul,MISSED,13.314774971056654,Within 3p Line
40,40,Seth Curry,13.25333413230419,11.355372336747244,"(15, 19)",Chris Paul,MADE,17.452660156224432,Within 3p Line
41,41,Seth Curry,17.273661490723583,2.618933194929606,"(15, 19)",Trae Young,MADE,17.471067293545953,Within 3p Line
42,42,Seth Curry,16.772738331419944,5.455430806246837,"(15, 19)",Russell Westbrook,MADE,17.637643731973693,Within 3p Line
43,43,Seth Curry,11.302658350154484,11.819926614793737,"(15, 19)",Chris Paul,MADE,16.35422731159825,Within 3p Line
44,44,Seth Curry,15.735369669943896,6.470299788104297,"(15, 19)",Russell Westbrook,MADE,17.013719111285834,Within 3p Line
45,45,Seth Curry,-5.458567200768034,17.1335870236286,"(15, 19)",Trae Young,MADE,17.982095544778836,Within 3p Line
46,46,Seth Curry,14.313989065305073,8.687587145225207,"(15, 19)",Russell Westbrook,MADE,16.744087116578065,Within 3p Line
47,47,Seth Curry,-2.946763401686399,18.033215277522643,"(15, 19)",Trae Young,MADE,18.272390861378664,Within 3p Line
48,48,Seth Curry,-2.0956491627589267,17.93201989532632,"(15, 19)",Trae Young,MADE,18.054060012632924,Within 3p Line
49,49,Seth Curry,5.629904584026634,17.720644771115946,"(15, 19)",Trae Young,MADE,18.593468657819688,Within 3p Line
50,50,Seth Curry,-16.088311133196367,4.912027921437623,"(15, 19)",Trae Young,MADE,16.821467635718147,Within 3p Line
51,51,Seth Curry,-13.587824894095782,9.081271198266105,"(15, 19)",Trae Young,MADE,16.343147552692123,Within 3p Line
52,52,Seth Curry,-15.123751719274052,6.6731922141712205,"(15, 19)",Russell Westbrook,MADE,16.530558381177578,Within 3p Line
53,53,Seth Curry,4.984160925708646,16.78449730069493,"(15, 19)",Russell Westbrook,MISSED,17.508889449945027,Within 3p Line
54,54,Seth Curry,5.38692547939681,17.12214268097598,"(15, 19)",Russell Westbrook,MISSED,17.9495608890099,Within 3p Line
55,55,Seth Curry,14.63856269257328,6.586823267862082,"(15, 19)",Trae Young,MISSED,16.05221973642423,Within 3p Line
56,56,Seth Curry,5.314492720700432,16.519179383658834,"(15, 19)",Trae Young,MISSED,17.353014734848724,Within 3p Line
57,57,Seth Curry,-14.474827223667717,7.723421566977281,"(15, 19)",Russell Westbrook,MISSED,16.40645799239683,Within 3p Line
58,58,Seth Curry,-21.16273867073181,8.681995893267123,"(20, 24)",Trae Young,MADE,22.874408423747152,Within 3p Line
59,59,Seth Curry,-21.337321253173624,4.692615753624451,"(20, 24)",Trae Young,MADE,21.847240577983737,Within 3p Line
60,60,Seth Curry,-11.832006819420377,17.080053435993303,"(20, 24)",Chris Paul,MADE,20.77798379899255,Within 3p Line
61,61,Seth Curry,-15.641748248534231,15.964640008589804,"(20, 24)",Chris Paul,MADE,22.350257691453805,Within 3p Line
62,62,Seth Curry,0.1728643098226112,21.83685087766556,"(20, 24)",Trae Young,MADE,21.837535078918904,Within 3p Line
63,63,Seth Curry,21.99983444436368,6.66522361157736,"(20, 24)",Trae Young,MADE,22.987342633974443,Within 3p Line
64,64,Seth Curry,11.483431651682707,18.15631547511823,"(20, 24)",Trae Young,MADE,21.483039685549294,Within 3p Line
65,65,Seth Curry,-20.73858814902904,1.3967967791014568,"(20, 24)",Chris Paul,MADE,20.785573835166446,Within 3p Line
66,66,Seth Curry,-20.24220667438748,8.514460075680422,"(20, 24)",Russell Westbrook,MADE,21.960030997905555,Within 3p Line
67,67,Seth Curry,13.7465739054672,19.464008088572708,"(20, 24)",Chris Paul,MADE,23.828888035544075,Within 3p Line
68,68,Seth Curry,15.35939592933074,17.958301705167393,"(20, 24)",Trae Young,MADE,23.630735144039846,Within 3p Line
69,69,Seth Curry,-0.8784654594485175,23.506969699355707,"(20, 24)",Trae Young,MADE,23.523378286501952,Within 3p Line
70,70,Seth Curry,-22.01824377562609,7.370524474151245,"(20, 24)",Trae Young,MADE,23.219123368184242,Within 3p Line
71,71,Seth Curry,14.296387749095471,18.44298677912864,"(20, 24)",Trae Young,MADE,23.33517653688527,Within 3p Line
72,72,Seth Curry,5.6754760220526475,22.27740682097305,"(20, 24)",Trae Young,MADE,22.988994818043505,Within 3p Line
73,73,Seth Curry,-13.329036148606155,17.06221899344064,"(20, 24)",Trae Young,MADE,21.651386136480415,Within 3p Line
74,74,Seth Curry,-19.82578741371541,8.90634465376824,"(20, 24)",Chris Paul,MADE,21.734415604417396,Within 3p Line
75,75,Seth Curry,-9.002294524915364,19.16419239428302,"(20, 24)",Chris Paul,MADE,21.173275061700217,Within 3p Line
76,76,Seth Curry,-13.078475725978544,15.57797203470701,"(20, 24)",Chris Paul,MADE,20.340101770372822,Within 3p Line
77,77,Seth Curry,20.036232616666215,10.106783571319722,"(20, 24)",Trae Young,MADE,22.440982412244285,Within 3p Line
78,78,Seth Curry,3.0381148311923054,22.57968137461343,"(20, 24)",Russell Westbrook,MISSED,22.783155020904704,Within 3p Line
79,79,Seth Curry,-8.254163045549502,19.582278950991867,"(20, 24)",Russell Westbrook,MISSED,21.250808372788413,Within 3p Line
80,80,Seth Curry,17.162547000127496,16.342316519056805,"(20, 24)",Chris Paul,MISSED,23.69861448989418,Within 3p Line
81,81,Seth Curry,-17.62497762944778,15.950920053421948,"(20, 24)",Russell Westbrook,MISSED,23.77123654733159,Within 3p Line
82,82,Seth Curry,19.89282872151643,8.463674864335863,"(20, 24)",Chris Paul,MISSED,21.61847420038657,Within 3p Line
83,83,Seth Curry,1.5119342113289236,23.10534723183811,"(20, 24)",Russell Westbrook,MISSED,23.154762269632478,Within 3p Line
84,84,Seth Curry,-10.797996904975042,18.143832936374945,"(20, 24)",Chris Paul,MISSED,21.113867736228123,Within 3p Line
85,85,Seth Curry,-11.630727404803338,16.952119398484427,"(20, 24)",Russell Westbrook,MISSED,20.55840879215401,Within 3p Line
86,86,Seth Curry,17.197427698630037,15.459558476362051,"(20, 24)",Russell Westbrook,MISSED,23.12465065106207,Within 3p Line
87,87,Seth Curry,17.72305826782285,10.580356629067335,"(20, 24)",Chris Paul,MISSED,20.640996602947567,Within 3p Line
88,88,Seth Curry,-13.850067061826175,24.59983168518552,"(25, 29)",Chris Paul,MADE,28.23076471788428,Beyond 3p Line
89,89,Seth Curry,-5.54442192374046,26.635445882926067,"(25, 29)",Chris Paul,MADE,27.20638880577018,Beyond 3p Line
90,90,Seth Curry,14.332740856568329,22.115709980487523,"(25, 29)",Russell Westbrook,MADE,26.353976709456553,Beyond 3p Line
91,91,Seth Curry,-27.63774198439734,0.8291528529375999,"(25, 29)",Russell Westbrook,MADE,27.650176788759488,Beyond 3p Line
92,92,Seth Curry,23.63156979117848,14.819888547886173,"(25, 29)",Trae Young,MADE,27.89408875312307,Beyond 3p Line
93,93,Seth Curry,21.735183322952576,18.04530753632852,"(25, 29)",Russell Westbrook,MADE,28.249802090687833,Beyond 3p Line
94,94,Seth Curry,23.103878202841678,14.068524344673625,"(25, 29)",Trae Young,MADE,27.050186048314295,Beyond 3p Line
95,95,Seth Curry,23.25873970589328,13.24842268229722,"(25, 29)",Chris Paul,MADE,26.7673247874214,Beyond 3p Line
96,96,Seth Curry,-25.09082013394352,10.209513138169015,"(25, 29)",Trae Young,MADE,27.08843689680804,Beyond 3p Line
97,97,Seth Curry,26.6686326635368,5.040589330375092,"(25, 29)",Chris Paul,MADE,27.14080892199334,Beyond 3p Line
98,98,Seth Curry,23.718345312529667,10.819713025937848,"(25, 29)",Chris Paul,MADE,26.06963932101952,Beyond 3p Line
99,99,Seth Curry,-0.8565501786343312,28.853913250333903,"(25, 29)",Trae Young,MADE,28.866624119669986,Beyond 3p Line
100,100,Seth Curry,-10.565694966853108,24.931969978446208,"(25, 29)",Trae Young,MADE,27.078349970755756,Beyond 3p Line
101,101,Seth Curry,26.803230377202528,5.814009942023184,"(25, 29)",Trae Young,MADE,27.426554108369807,Beyond 3p Line
102,102,Seth Curry,-0.5258956576119224,27.029852075549204,"(25, 29)",Trae Young,MADE,27.034967532230674,Beyond 3p Line
103,103,Seth Curry,-17.173028588834516,21.28648529218912,"(25, 29)",Chris Paul,MADE,27.35008897622659,Beyond 3p Line
104,104,Seth Curry,28.20849502805738,6.105474411985141,"(25, 29)",Trae Young,MADE,28.86167024867659,Beyond 3p Line
105,105,Seth Curry,-28.133550836811462,2.488300743994873,"(25, 29)",Chris Paul,MADE,28.243376626742428,Beyond 3p Line
106,106,Seth Curry,13.35256394182266,23.61975372889327,"(25, 29)",Chris Paul,MADE,27.132705910653847,Beyond 3p Line
107,107,Seth Curry,27.51169415948245,3.006672837757478,"(25, 29)",Trae Young,MADE,27.675501749348815,Beyond 3p Line
108,108,Seth Curry,-27.146188453609977,5.648430015276997,"(25, 29)",Trae Young,MADE,27.72760915038276,Beyond 3p Line
109,109,Seth Curry,-26.855214013387776,5.77581291240895,"(25, 29)",Chris Paul,MADE,27.46930167485168,Beyond 3p Line
110,110,Seth Curry,26.08929719563501,7.047012870031299,"(25, 29)",Trae Young,MADE,27.024282017336844,Beyond 3p Line
111,111,Seth Curry,-9.082593539581183,24.508564685466627,"(25, 29)",Russell Westbrook,MADE,26.137391766336282,Beyond 3p Line
112,112,Seth Curry,22.354420497475267,11.432122097745903,"(25, 29)",Russell Westbrook,MADE,25.108037188034285,Beyond 3p Line
113,113,Seth Curry,15.764257665318018,20.432070709440488,"(25, 29)",Trae Young,MADE,25.806614136963297,Beyond 3p Line
114,114,Seth Curry,21.031978200023133,17.601231315763606,"(25, 29)",Chris Paul,MADE,27.425306759219044,Beyond 3p Line
115,115,Seth Curry,25.38982364944112,11.584049963105883,"(25, 29)",Trae Young,MADE,27.907586038521014,Beyond 3p Line
116,116,Seth Curry,-15.512576508660027,20.69786153965527,"(25, 29)",Chris Paul,MISSED,25.865836585190355,Beyond 3p Line
117,117,Seth Curry,-0.9267230429773576,28.07374584605671,"(25, 29)",Russell Westbrook,MISSED,28.089037388763817,Beyond 3p Line
118,118,Seth Curry,21.132296808206352,19.55427511542173,"(25, 29)",Russell Westbrook,MISSED,28.791381413189086,Beyond 3p Line
119,119,Seth Curry,-1.4827013726402374,28.37990301219528,"(25, 29)",Russell Westbrook,MISSED,28.418608311140783,Beyond 3p Line
120,120,Seth Curry,-18.21228325784804,22.092587610242497,"(25, 29)",Russell Westbrook,MISSED,28.63162043581069,Beyond 3p Line
121,121,Seth Curry,-20.419808406246283,19.37176949080113,"(25, 29)",Chris Paul,MISSED,28.14665217308339,Beyond 3p Line
122,122,Seth Curry,9.86374411892875,26.946598340438435,"(25, 29)",Russell Westbrook,MISSED,28.695167017541838,Beyond 3p Line
123,123,Seth Curry,-5.625002218871988,25.562373763302855,"(25, 29)",Russell Westbrook,MISSED,26.17394892592841,Beyond 3p Line
124,124,Seth Curry,22.277930233939944,16.355251981717856,"(25, 29)",Russell Westbrook,MISSED,27.63693982505627,Beyond 3p Line
125,125,Seth Curry,-22.765855167827656,14.897506148197888,"(25, 29)",Russell Westbrook,MISSED,27.20698165835562,Beyond 3p Line
126,126,Seth Curry,21.170192908095487,16.904006456193404,"(25, 29)",Trae Young,MISSED,27.091004079528037,Beyond 3p Line
127,127,Seth Curry,9.428626792028725,26.410087512198515,"(25, 29)",Russell Westbrook,MISSED,28.042676861978528,Beyond 3p Line
128,128,Seth Curry,-3.563702747807051,28.09828902774769,"(25, 29)",Trae Young,MISSED,28.323379451639838,Beyond 3p Line
129,129,Seth Curry,21.814117764458896,17.86254857217479,"(25, 29)",Russell Westbrook,MISSED,28.194438730625315,Beyond 3p Line
130,130,Seth Curry,-27.260320090127266,4.884216526078175,"(25, 29)",Russell Westbrook,MISSED,27.69441500537268,Beyond 3p Line
131,131,Seth Curry,-15.248232497973468,21.993551960423822,"(25, 29)",Chris Paul,MISSED,26.762378858167985,Beyond 3p Line
132,132,Seth Curry,-27.506221667827585,5.584393613827716,"(25, 29)",Chris Paul,MISSED,28.067377548923726,Beyond 3p Line
133,133,Seth Curry,-16.928815912536695,22.84844396015097,"(25, 29)",Chris Paul,MISSED,28.436529317072345,Beyond 3p Line
134,134,Seth Curry,25.23906445485166,13.765181938937404,"(25, 29)",Russell Westbrook,MISSED,28.74874968356372,Beyond 3p Line
135,135,Seth Curry,4.076880348052256,28.66997513194421,"(25, 29)",Russell Westbrook,MISSED,28.958391313031083,Beyond 3p Line
136,136,Seth Curry,1.1360745187164625,28.40659457237429,"(25, 29)",Trae Young,MISSED,28.4293032012978,Beyond 3p Line
137,137,Seth Curry,-5.35280281574214,26.73619896843124,"(25, 29)",Chris Paul,MISSED,27.266771595914335,Beyond 3p Line
138,138,Seth Curry,-22.934053093842117,14.764229541373233,"(25, 29)",Chris Paul,MISSED,27.275506691196906,Beyond 3p Line
139,139,Seth Curry,-13.299950218209531,24.318795530999694,"(25, 29)",Chris Paul,MISSED,27.718089614643763,Beyond 3p Line
140,140,Seth Curry,22.14586985380573,18.49260755300829,"(25, 29)",Russell Westbrook,MISSED,28.85162189013437,Beyond 3p Line
141,141,Seth Curry,8.607404620738132,27.45203932749828,"(25, 29)",Chris Paul,MISSED,28.76980843772889,Beyond 3p Line
142,142,Seth Curry,-24.515616965404053,13.251210241287044,"(25, 29)",Russell Westbrook,MISSED,27.867724127621145,Beyond 3p Line
143,143,Seth Curry,-27.000579889379203,1.2761734080874794,"(25, 29)",Chris Paul,MISSED,27.03072202014327,Beyond 3p Line
144,144,Seth Curry,10.605381656432604,26.328311488407063,"(25, 29)",Chris Paul,MISSED,28.38404667959071,Beyond 3p Line
145,145,Seth Curry,19.56343818770989,21.3425946857592,"(25, 29)",Russell Westbrook,MISSED,28.952279040603045,Beyond 3p Line
146,146,Seth Curry,-23.413764777215462,11.692071985282432,"(25, 29)",Chris Paul,MISSED,26.170764764366396,Beyond 3p Line
147,147,Chris Paul,-1.2950785682678188,0.7411760030214881,"(0, 4)",Seth Curry,MADE,1.4921696838635787,Under basket
148,148,Chris Paul,2.0888717940928654,1.4542426468157013,"(0, 4)",Seth Curry,MADE,2.5452322188700744,Under basket
149,149,Chris Paul,2.1494370002654386,3.1381493320171776,"(0, 4)",Trae Young,MADE,3.8036903985668897,Under basket
150,150,Chris Paul,1.5238362868755386,3.1541982465375007,"(0, 4)",Trae Young,MADE,3.5030049397137413,Under basket
151,151,Chris Paul,-2.7211356222671155,0.0089106865549911,"(0, 4)",Seth Curry,MADE,2.7211502117865383,Under basket
152,152,Chris Paul,-3.6144517487370966,1.3159264522496266,"(0, 4)",Seth Curry,MADE,3.8465470063004488,Under basket
153,153,Chris Paul,1.2291365386032138,1.054092040007558,"(0, 4)",Trae Young,MADE,1.6192240917602434,Under basket
154,154,Chris Paul,-1.3411534117789747,0.8196141332900264,"(0, 4)",Seth Curry,MADE,1.5717696400602557,Under basket
155,155,Chris Paul,-0.4335289557053064,2.111100944497741,"(0, 4)",Seth Curry,MADE,2.155155343193197,Under basket
156,156,Chris Paul,-2.48605737150412,2.183775364836213,"(0, 4)",Russell Westbrook,MADE,3.308981126944593,Under basket
157,157,Chris Paul,0.7156280097660953,1.3804437905595222,"(0, 4)",Trae Young,MADE,1.5549110930391243,Under basket
158,158,Chris Paul,-0.0277174728191804,0.0519721785929979,"(0, 4)",Trae Young,MADE,0.05890132126857999,Under basket
159,159,Chris Paul,1.6283943309170064,0.922509633953217,"(0, 4)",Russell Westbrook,MISSED,1.8715480548730623,Under basket
160,160,Chris Paul,-0.7635698445128962,1.3585472131374268,"(0, 4)",Trae Young,MISSED,1.5584253070881893,Under basket
161,161,Chris Paul,-0.0938503853789594,0.8795179315242428,"(0, 4)",Russell Westbrook,MISSED,0.8845109873305486,Under basket
162,162,Chris Paul,2.7049401159161133,1.9231596678062104,"(0, 4)",Russell Westbrook,MISSED,3.3189221350566167,Under basket
163,163,Chris Paul,-1.54089691994975,8.056569024798897,"(5, 9)",Seth Curry,MADE,8.202601280646261,Under basket
164,164,Chris Paul,5.465279125030282,4.571630412642363,"(5, 9)",Russell Westbrook,MADE,7.125242490209603,Under basket
165,165,Chris Paul,-2.718660181047148,8.096314302547778,"(5, 9)",Trae Young,MADE,8.54057483227277,Under basket
166,166,Chris Paul,-7.4645171567622866,1.718978976932927,"(5, 9)",Trae Young,MADE,7.659889366481471,Under basket
167,167,Chris Paul,8.408194165531734,2.1374801054759764,"(5, 9)",Trae Young,MADE,8.675629678967832,Under basket
168,168,Chris Paul,-5.427077427437313,4.138327691693115,"(5, 9)",Trae Young,MADE,6.824875492434544,Under basket
169,169,Chris Paul,-0.8895545947643004,7.06181710214244,"(5, 9)",Trae Young,MADE,7.117623772101032,Under basket
170,170,Chris Paul,2.1733609555385263,4.862637981960459,"(5, 9)",Trae Young,MADE,5.326231875037345,Under basket
171,171,Chris Paul,7.536743392397659,3.823087351275511,"(5, 9)",Seth Curry,MADE,8.450946565819274,Under basket
172,172,Chris Paul,-7.1224363598488365,4.025922458728449,"(5, 9)",Trae Young,MADE,8.181512778440846,Under basket
173,173,Chris Paul,5.478969819241875,6.145458047617148,"(5, 9)",Seth Curry,MADE,8.23321109259235,Under basket
174,174,Chris Paul,-3.1459024358463803,7.745341943088959,"(5, 9)",Russell Westbrook,MADE,8.359845928678185,Under basket
175,175,Chris Paul,4.673656795437116,6.529541920506577,"(5, 9)",Seth Curry,MADE,8.029818524299802,Under basket
176,176,Chris Paul,-2.6608661467118315,7.193315266346831,"(5, 9)",Trae Young,MISSED,7.66968012186789,Under basket
177,177,Chris Paul,2.909557449278217,7.997630502191497,"(5, 9)",Russell Westbrook,MISSED,8.510441715929566,Under basket
178,178,Chris Paul,1.083251473828782,6.370478720742807,"(5, 9)",Seth Curry,MISSED,6.461921764226888,Under basket
179,179,Chris Paul,-3.6463697898214944,6.576713503997555,"(5, 9)",Russell Westbrook,MISSED,7.5199184276019,Under basket
180,180,Chris Paul,-4.874868710435405,4.440577825383075,"(5, 9)",Seth Curry,MISSED,6.5941698770403265,Under basket
181,181,Chris Paul,-8.218299906900922,1.8470826250840973,"(5, 9)",Trae Young,MISSED,8.423310963252828,Under basket
182,182,Chris Paul,-8.27143688152895,1.9897000020205544,"(5, 9)",Seth Curry,MISSED,8.507383509820043,Under basket
183,183,Chris Paul,3.9449321110453055,7.172013147808199,"(5, 9)",Trae Young,MISSED,8.18536877318854,Under basket
184,184,Chris Paul,8.876402537542921,1.2631568252312095,"(5, 9)",Seth Curry,MISSED,8.96582886149555,Under basket
185,185,Chris Paul,11.673403238397468,3.824160068746109,"(10, 14)",Trae Young,MADE,12.283832602149083,Within 3p Line
186,186,Chris Paul,11.676981266762136,4.5200770841385545,"(10, 14)",Seth Curry,MADE,12.52130138407619,Within 3p Line
187,187,Chris Paul,6.503316198161639,12.174113352838132,"(10, 14)",Seth Curry,MADE,13.80225189963664,Within 3p Line
188,188,Chris Paul,-10.272902713844411,4.48519496929796,"(10, 14)",Trae Young,MADE,11.209348958825736,Within 3p Line
189,189,Chris Paul,-11.474444341087382,5.855752396000973,"(10, 14)",Trae Young,MADE,12.882263351600269,Within 3p Line
190,190,Chris Paul,5.041494804190289,9.775751573152784,"(10, 14)",Trae Young,MADE,10.999181273198328,Within 3p Line
191,191,Chris Paul,-5.636157316645927,12.079695092431542,"(10, 14)",Russell Westbrook,MADE,13.329865071488763,Within 3p Line
192,192,Chris Paul,5.317586635660892,11.648135018059014,"(10, 14)",Trae Young,MADE,12.804521741427596,Within 3p Line
193,193,Chris Paul,11.787116365156567,0.6155375154746834,"(10, 14)",Russell Westbrook,MADE,11.803177480606589,Within 3p Line
194,194,Chris Paul,2.1566456669443657,11.481403992003049,"(10, 14)",Trae Young,MADE,11.682198344504062,Within 3p Line
195,195,Chris Paul,12.16710082009046,2.0843470606221506,"(10, 14)",Trae Young,MADE,12.344344657995018,Within 3p Line
196,196,Chris Paul,11.527243647192176,3.0783599434605584,"(10, 14)",Seth Curry,MADE,11.931204718855296,Within 3p Line
197,197,Chris Paul,-6.131698156869225,9.438577524327405,"(10, 14)",Trae Young,MADE,11.25541949327931,Within 3p Line
198,198,Chris Paul,10.9641247647611,8.363260248155948,"(10, 14)",Seth Curry,MADE,13.789711883706387,Within 3p Line
199,199,Chris Paul,3.7305608082224575,10.309314521263223,"(10, 14)",Trae Young,MADE,10.96353272636946,Within 3p Line
200,200,Chris Paul,7.58795073145556,11.608625051302148,"(10, 14)",Seth Curry,MADE,13.868567766165214,Within 3p Line
201,201,Chris Paul,8.805024653891167,8.394552390812377,"(10, 14)",Trae Young,MADE,12.165400486532494,Within 3p Line
202,202,Chris Paul,-0.4630720445694107,12.9985561000592,"(10, 14)",Trae Young,MADE,13.00680192840838,Within 3p Line
203,203,Chris Paul,8.732086410442573,6.331568728698174,"(10, 14)",Seth Curry,MADE,10.786013890481714,Within 3p Line
204,204,Chris Paul,-3.0338001449152725,13.280780489551091,"(10, 14)",Trae Young,MADE,13.622887863112169,Within 3p Line
205,205,Chris Paul,-2.8875178881494974,12.767918453644135,"(10, 14)",Trae Young,MADE,13.090359093366759,Within 3p Line
206,206,Chris Paul,-0.7026059846881177,13.921294050858886,"(10, 14)",Seth Curry,MADE,13.939012993042175,Within 3p Line
207,207,Chris Paul,10.766825646077551,8.20012952816078,"(10, 14)",Russell Westbrook,MADE,13.533907742099013,Within 3p Line
208,208,Chris Paul,5.77039716756858,11.144803454552282,"(10, 14)",Russell Westbrook,MADE,12.550064840951379,Within 3p Line
209,209,Chris Paul,-4.680099824826254,11.169818856632183,"(10, 14)",Seth Curry,MADE,12.110664212185664,Within 3p Line
210,210,Chris Paul,-5.361208775582598,12.00117062096043,"(10, 14)",Seth Curry,MADE,13.144225188606121,Within 3p Line
211,211,Chris Paul,-5.99382402280669,12.275578025783313,"(10, 14)",Trae Young,MADE,13.660737252559567,Within 3p Line
212,212,Chris Paul,-7.258707083639786,7.243985054138861,"(10, 14)",Trae Young,MADE,10.254957239826483,Within 3p Line
213,213,Chris Paul,11.713989381044644,4.18698754701636,"(10, 14)",Seth Curry,MISSED,12.439791474863908,Within 3p Line
214,214,Chris Paul,-12.42306402592267,3.5423715168561807,"(10, 14)",Russell Westbrook,MISSED,12.918239653900525,Within 3p Line
215,215,Chris Paul,2.362769129687216,13.768639111459876,"(10, 14)",Russell Westbrook,MISSED,13.969899818603764,Within 3p Line
216,216,Chris Paul,-0.1888807974699266,11.96007081149823,"(10, 14)",Trae Young,MISSED,11.961562179402188,Within 3p Line
217,217,Chris Paul,-4.685722870546632,12.160721929021712,"(10, 14)",Russell Westbrook,MISSED,13.032235290024245,Within 3p Line
218,218,Chris Paul,-1.863158825856376,13.289366326154724,"(10, 14)",Trae Young,MISSED,13.419337471019261,Within 3p Line
219,219,Chris Paul,3.1309651586254605,12.20062546194945,"(10, 14)",Seth Curry,MISSED,12.595959847796268,Within 3p Line
220,220,Chris Paul,-9.04485604087556,5.292500507055232,"(10, 14)",Seth Curry,MISSED,10.479502966140284,Within 3p Line
221,221,Chris Paul,5.381145883298113,10.692669520913173,"(10, 14)",Seth Curry,MISSED,11.970376456102029,Within 3p Line
222,222,Chris Paul,-10.1903613773195,4.778209057266945,"(10, 14)",Russell Westbrook,MISSED,11.254987640833411,Within 3p Line
223,223,Chris Paul,10.826539182918989,6.2678005839856334,"(10, 14)",Seth Curry,MISSED,12.509967019936175,Within 3p Line
224,224,Chris Paul,-7.970606805696874,9.537282607688647,"(10, 14)",Trae Young,MISSED,12.429414000263314,Within 3p Line
225,225,Chris Paul,-9.622014887330621,8.900993817803526,"(10, 14)",Russell Westbrook,MISSED,13.107664225047447,Within 3p Line
226,226,Chris Paul,10.824464746535876,8.19194639591087,"(10, 14)",Seth Curry,MISSED,13.574867321726392,Within 3p Line
227,227,Chris Paul,0.0175531736339821,13.965952101332675,"(10, 14)",Russell Westbrook,MISSED,13.965963132223399,Within 3p Line
228,228,Chris Paul,-1.997111140344416,13.22214919408885,"(10, 14)",Seth Curry,MISSED,13.372123324948518,Within 3p Line
229,229,Chris Paul,-11.51224820160232,1.5391993172452805,"(10, 14)",Russell Westbrook,MISSED,11.61468868259086,Within 3p Line
230,230,Chris Paul,-6.6202590792569564,10.2061137544094,"(10, 14)",Russell Westbrook,MISSED,12.165220435505017,Within 3p Line
231,231,Chris Paul,-13.338672969298855,3.943044305835784,"(10, 14)",Trae Young,MISSED,13.909270109523646,Within 3p Line
232,232,Chris Paul,12.15784923118404,3.1304533230950526,"(10, 14)",Trae Young,MISSED,12.554403049778161,Within 3p Line
233,233,Chris Paul,-10.818719331745283,3.4992903924458543,"(10, 14)",Russell Westbrook,MISSED,11.370563804391715,Within 3p Line
234,234,Chris Paul,7.4554764185664,11.723951707418347,"(10, 14)",Russell Westbrook,MISSED,13.893709809322967,Within 3p Line
235,235,Chris Paul,-6.937014324743437,9.783039981427205,"(10, 14)",Seth Curry,MISSED,11.99291620165416,Within 3p Line
236,236,Chris Paul,1.0879104354175206,12.668297246060098,"(10, 14)",Trae Young,MISSED,12.714924468121081,Within 3p Line
237,237,Chris Paul,1.624684324036899,13.644698555928532,"(10, 14)",Seth Curry,MISSED,13.741084303464898,Within 3p Line
238,238,Chris Paul,11.821362610029526,0.6820960627601477,"(10, 14)",Seth Curry,MISSED,11.841024828816,Within 3p Line
239,239,Chris Paul,7.757945578590939,9.364466723892873,"(10, 14)",Trae Young,MISSED,12.160549190857937,Within 3p Line
240,240,Chris Paul,-12.777350489134074,4.142640447582872,"(10, 14)",Trae Young,MISSED,13.432131454096345,Within 3p Line
241,241,Chris Paul,-3.0177540876853866,12.013075343998354,"(10, 14)",Russell Westbrook,MISSED,12.386315794227233,Within 3p Line
242,242,Chris Paul,-11.24499043506052,0.4758876686403965,"(10, 14)",Seth Curry,MISSED,11.2550557065599,Within 3p Line
243,243,Chris Paul,10.432672200156208,7.410744049595064,"(10, 14)",Seth Curry,MISSED,12.796865889916985,Within 3p Line
244,244,Chris Paul,3.330331876151722,12.933620164171629,"(10, 14)",Russell Westbrook,MISSED,13.355509760259217,Within 3p Line
245,245,Chris Paul,-12.331536571753556,4.311635431638125,"(10, 14)",Russell Westbrook,MISSED,13.063575097034224,Within 3p Line
246,246,Chris Paul,-1.70735900369581,18.44217634652384,"(15, 19)",Trae Young,MADE,18.521040552943685,Within 3p Line
247,247,Chris Paul,-16.15147865045402,4.921148738325363,"(15, 19)",Seth Curry,MADE,16.884548187641663,Within 3p Line
248,248,Chris Paul,-15.875238628515689,9.488593454276494,"(15, 19)",Trae Young,MADE,18.494772430415452,Within 3p Line
249,249,Chris Paul,-4.290076951364475,18.416030728042795,"(15, 19)",Trae Young,MADE,18.909123407097567,Within 3p Line
250,250,Chris Paul,-8.568365378545046,14.507124689311636,"(15, 19)",Trae Young,MADE,16.848547474826567,Within 3p Line
251,251,Chris Paul,2.300994900304433,18.190699412248343,"(15, 19)",Seth Curry,MADE,18.33565168293724,Within 3p Line
252,252,Chris Paul,-8.161535486882212,16.09501867263083,"(15, 19)",Trae Young,MADE,18.046060167692357,Within 3p Line
253,253,Chris Paul,4.450744587734415,17.15171839706673,"(15, 19)",Russell Westbrook,MADE,17.7197791001334,Within 3p Line
254,254,Chris Paul,10.684095485668225,13.844608359857968,"(15, 19)",Seth Curry,MADE,17.48779794555979,Within 3p Line
255,255,Chris Paul,16.66611666344416,8.55585096295462,"(15, 19)",Seth Curry,MADE,18.73398063252502,Within 3p Line
256,256,Chris Paul,-17.44640541885115,0.2449701454387544,"(15, 19)",Trae Young,MADE,17.44812518327041,Within 3p Line
257,257,Chris Paul,-12.384343843828628,11.970968302110254,"(15, 19)",Russell Westbrook,MADE,17.22428676411028,Within 3p Line
258,258,Chris Paul,-9.71370640059716,13.243427291562448,"(15, 19)",Trae Young,MADE,16.423899003096167,Within 3p Line
259,259,Chris Paul,4.268643039644078,17.370118921340723,"(15, 19)",Seth Curry,MADE,17.886932233936058,Within 3p Line
260,260,Chris Paul,6.946692034178429,16.77386381880869,"(15, 19)",Russell Westbrook,MADE,18.155413452457015,Within 3p Line
261,261,Chris Paul,14.866046085833048,9.827349178625177,"(15, 19)",Trae Young,MADE,17.82066547872826,Within 3p Line
262,262,Chris Paul,13.22896721349576,10.4331616826543,"(15, 19)",Seth Curry,MADE,16.84803953675773,Within 3p Line
263,263,Chris Paul,-8.260564594410386,14.5582179747548,"(15, 19)",Russell Westbrook,MADE,16.73853751135087,Within 3p Line
264,264,Chris Paul,15.773785200483436,5.5979877964637055,"(15, 19)",Trae Young,MADE,16.7376750751216,Within 3p Line
265,265,Chris Paul,-10.897936601443163,13.97480782985188,"(15, 19)",Trae Young,MADE,17.721745852211175,Within 3p Line
266,266,Chris Paul,-3.806781684589145,15.644322479134908,"(15, 19)",Trae Young,MADE,16.100820246971555,Within 3p Line
267,267,Chris Paul,-16.242673484335047,8.723835270781946,"(15, 19)",Russell Westbrook,MADE,18.437183726113375,Within 3p Line
268,268,Chris Paul,14.880549601664622,9.29965672022968,"(15, 19)",Trae Young,MADE,17.54748903865491,Within 3p Line
269,269,Chris Paul,11.454105347032232,14.311102040231066,"(15, 19)",Trae Young,MADE,18.33041655028107,Within 3p Line
270,270,Chris Paul,-15.729980816318667,2.432811997710068,"(15, 19)",Seth Curry,MADE,15.91699942507869,Within 3p Line
271,271,Chris Paul,-16.433928334236853,6.94087427442589,"(15, 19)",Trae Young,MADE,17.839555380900613,Within 3p Line
272,272,Chris Paul,16.372535906047936,7.704300341901078,"(15, 19)",Trae Young,MADE,18.094644946863312,Within 3p Line
273,273,Chris Paul,10.136246244709692,14.7943524376922,"(15, 19)",Seth Curry,MADE,17.933665324858733,Within 3p Line
274,274,Chris Paul,17.757564672333487,0.026200257991372,"(15, 19)",Seth Curry,MADE,17.75758400080442,Within 3p Line
275,275,Chris Paul,18.729367389573483,1.3676113387279407,"(15, 19)",Seth Curry,MADE,18.77923224169284,Within 3p Line
276,276,Chris Paul,-5.781046885427059,15.797414110352497,"(15, 19)",Seth Curry,MISSED,16.821973596028204,Within 3p Line
277,277,Chris Paul,8.383531154588102,15.53748142361446,"(15, 19)",Russell Westbrook,MISSED,17.654940487271933,Within 3p Line
278,278,Chris Paul,3.571884552458496,18.023093551073213,"(15, 19)",Russell Westbrook,MISSED,18.37362948376908,Within 3p Line
279,279,Chris Paul,-3.0192219516761325,18.57703224928179,"(15, 19)",Seth Curry,MISSED,18.820781821814382,Within 3p Line
280,280,Chris Paul,10.208921110223262,15.23009457630996,"(15, 19)",Russell Westbrook,MISSED,18.335153422813462,Within 3p Line
281,281,Chris Paul,-14.850654215194234,6.498567381094671,"(15, 19)",Russell Westbrook,MISSED,16.21028403902578,Within 3p Line
282,282,Chris Paul,0.7818053822594933,17.595405298167908,"(15, 19)",Trae Young,MISSED,17.612765463223692,Within 3p Line
283,283,Chris Paul,-17.60760950840259,1.3093200982448323,"(15, 19)",Russell Westbrook,MISSED,17.65622359736241,Within 3p Line
284,284,Chris Paul,8.447454323220153,14.947884134578857,"(15, 19)",Russell Westbrook,MISSED,17.169703685378067,Within 3p Line
285,285,Chris Paul,-10.855341583176743,14.325945975871717,"(15, 19)",Russell Westbrook,MISSED,17.974180620852824,Within 3p Line
286,286,Chris Paul,16.577928955712256,6.601179981531353,"(15, 19)",Russell Westbrook,MISSED,17.843859044758595,Within 3p Line
287,287,Chris Paul,-9.243797762186952,15.81072184789001,"(15, 19)",Trae Young,MISSED,18.31465867603213,Within 3p Line
288,288,Chris Paul,18.891522098695237,0.9276695513461723,"(15, 19)",Seth Curry,MISSED,18.91428502486904,Within 3p Line
289,289,Chris Paul,-3.156750376739828,16.132482861948798,"(15, 19)",Russell Westbrook,MISSED,16.438432900739617,Within 3p Line
290,290,Chris Paul,16.616906916490247,9.138246520539177,"(15, 19)",Russell Westbrook,MISSED,18.963890553930327,Within 3p Line
291,291,Chris Paul,0.2374008195871445,18.29401022369341,"(15, 19)",Russell Westbrook,MISSED,18.29555053049073,Within 3p Line
292,292,Chris Paul,-14.498073054743568,10.158435168721544,"(15, 19)",Seth Curry,MISSED,17.702766093969615,Within 3p Line
293,293,Chris Paul,16.214882929987464,9.739940521167085,"(15, 19)",Russell Westbrook,MISSED,18.91530781639758,Within 3p Line
294,294,Chris Paul,-3.023713970213112,16.63150036620944,"(15, 19)",Russell Westbrook,MISSED,16.90413116977287,Within 3p Line
295,295,Chris Paul,-5.242364743815464,17.90939182699954,"(15, 19)",Russell Westbrook,MISSED,18.66088700250332,Within 3p Line
296,296,Chris Paul,18.64945526027588,0.0516185631728743,"(15, 19)",Russell Westbrook,MISSED,18.64952669590024,Within 3p Line
297,297,Chris Paul,17.34874338639446,3.8949940352501407,"(15, 19)",Trae Young,MISSED,17.780603916110376,Within 3p Line
298,298,Chris Paul,12.937012219684002,13.163873963482148,"(15, 19)",Russell Westbrook,MISSED,18.456810745594602,Within 3p Line
299,299,Chris Paul,18.01685052013197,2.8787446698054278,"(15, 19)",Trae Young,MISSED,18.24538499288828,Within 3p Line
300,300,Chris Paul,-13.306698100097408,11.934021089216838,"(15, 19)",Trae Young,MISSED,17.874257290444497,Within 3p Line
301,301,Chris Paul,15.644542348211155,8.21458765364039,"(15, 19)",Russell Westbrook,MISSED,17.670063825700048,Within 3p Line
302,302,Chris Paul,-1.1200384152701433,18.80922801513844,"(15, 19)",Russell Westbrook,MISSED,18.842546127770248,Within 3p Line
303,303,Chris Paul,-2.156153919568227,16.572019634445926,"(15, 19)",Russell Westbrook,MISSED,16.71169753464114,Within 3p Line
304,304,Chris Paul,-6.638751415333529,15.54447447321676,"(15, 19)",Trae Young,MISSED,16.902772169176288,Within 3p Line
305,305,Chris Paul,-17.241179602696704,6.077670231207368,"(15, 19)",Russell Westbrook,MISSED,18.28103797741663,Within 3p Line
306,306,Chris Paul,-18.087777359747324,1.0654440727911343,"(15, 19)",Seth Curry,MISSED,18.11912969455304,Within 3p Line
307,307,Chris Paul,-15.29493112441113,7.995342885733331,"(15, 19)",Russell Westbrook,MISSED,17.25863337465997,Within 3p Line
308,308,Chris Paul,-1.4657942260712913,18.40096236245281,"(15, 19)",Russell Westbrook,MISSED,18.459251571436713,Within 3p Line
309,309,Chris Paul,4.153629005164805,18.1369416926236,"(15, 19)",Russell Westbrook,MISSED,18.606485102624156,Within 3p Line
310,310,Chris Paul,-15.599216661882524,9.418673748510164,"(15, 19)",Russell Westbrook,MISSED,18.222156174427543,Within 3p Line
311,311,Chris Paul,-15.169262755434492,8.417486818765044,"(15, 19)",Seth Curry,MISSED,17.348216533335503,Within 3p Line
312,312,Chris Paul,-16.887597432339895,4.594166862724915,"(15, 19)",Russell Westbrook,MISSED,17.5013518391961,Within 3p Line
313,313,Chris Paul,9.350963621735112,20.17117842762022,"(20, 24)",Russell Westbrook,MADE,22.23323997562894,Within 3p Line
314,314,Chris Paul,-11.478565857457555,18.764983667393437,"(20, 24)",Trae Young,MADE,21.997319977250246,Within 3p Line
315,315,Chris Paul,18.6070527850288,14.743471454190896,"(20, 24)",Seth Curry,MADE,23.740100333936876,Within 3p Line
316,316,Chris Paul,2.877257365855673,23.47878008088132,"(20, 24)",Seth Curry,MADE,23.654422927557547,Within 3p Line
317,317,Chris Paul,16.398526067430012,17.00764871409477,"(20, 24)",Seth Curry,MADE,23.625659185856193,Within 3p Line
318,318,Chris Paul,6.721446402594939,22.08517353637473,"(20, 24)",Seth Curry,MADE,23.085335862290222,Within 3p Line
319,319,Chris Paul,-0.2929461525438736,23.36313553502601,"(20, 24)",Russell Westbrook,MISSED,23.364972062390432,Within 3p Line
320,320,Chris Paul,-23.74131883719925,2.0405650513959945,"(20, 24)",Russell Westbrook,MISSED,23.82885070368545,Within 3p Line
321,321,Chris Paul,16.490090838513623,17.209739585852866,"(20, 24)",Trae Young,MISSED,23.834811358080895,Within 3p Line
322,322,Chris Paul,22.69271778760439,2.4681148674346054,"(20, 24)",Seth Curry,MISSED,22.826542260857394,Within 3p Line
323,323,Chris Paul,7.396096713191989,21.236140163126123,"(20, 24)",Seth Curry,MISSED,22.48723850584655,Within 3p Line
324,324,Chris Paul,19.211926157142823,13.986026177827592,"(20, 24)",Russell Westbrook,MISSED,23.763565282052845,Within 3p Line
325,325,Chris Paul,-3.4255759215842274,23.730484898586305,"(20, 24)",Russell Westbrook,MISSED,23.976456867447496,Beyond 3p Line
326,326,Chris Paul,12.797624641274238,18.289511456009777,"(20, 24)",Seth Curry,MISSED,22.32230780538747,Within 3p Line
327,327,Chris Paul,-22.818691987725938,2.5806480470553814,"(20, 24)",Russell Westbrook,MISSED,22.964155729603444,Within 3p Line
328,328,Chris Paul,-19.22105828746534,12.203448637294716,"(20, 24)",Seth Curry,MISSED,22.76781149634787,Within 3p Line
329,329,Chris Paul,-25.186275013894388,14.066540009392549,"(25, 29)",Trae Young,MADE,28.848154133520605,Beyond 3p Line
330,330,Chris Paul,-5.5471816498566,24.914509344690835,"(25, 29)",Seth Curry,MADE,25.52457639498044,Beyond 3p Line
331,331,Chris Paul,9.755436310704232,24.0852794224572,"(25, 29)",Trae Young,MADE,25.985942785861106,Beyond 3p Line
332,332,Chris Paul,-7.900306604641395,26.832565307152556,"(25, 29)",Trae Young,MADE,27.97143910151831,Beyond 3p Line
333,333,Chris Paul,-26.243213717582243,5.076545994055422,"(25, 29)",Trae Young,MADE,26.729713531133417,Beyond 3p Line
334,334,Chris Paul,4.884347977897392,27.101266136464805,"(25, 29)",Russell Westbrook,MADE,27.537891737906957,Beyond 3p Line
335,335,Chris Paul,-9.10818597711156,25.88317561184053,"(25, 29)",Seth Curry,MADE,27.438983792171097,Beyond 3p Line
336,336,Chris Paul,3.2127306941556277,28.691707132204776,"(25, 29)",Russell Westbrook,MADE,28.871018282585396,Beyond 3p Line
337,337,Chris Paul,-12.80864561033914,24.713510370027624,"(25, 29)",Russell Westbrook,MADE,27.835570717711594,Beyond 3p Line
338,338,Chris Paul,-2.8009666492484344,25.943520335112368,"(25, 29)",Seth Curry,MADE,26.09428407810015,Beyond 3p Line
339,339,Chris Paul,-13.75714552949236,22.908172046386408,"(25, 29)",Trae Young,MADE,26.721590514534707,Beyond 3p Line
340,340,Chris Paul,20.57373549387549,18.305822172267384,"(25, 29)",Trae Young,MADE,27.538731226667437,Beyond 3p Line
341,341,Chris Paul,21.487799885456823,15.044171460254484,"(25, 29)",Russell Westbrook,MADE,26.230757496553046,Beyond 3p Line
342,342,Chris Paul,28.18146089708461,3.1113331911730016,"(25, 29)",Seth Curry,MADE,28.35269180378476,Beyond 3p Line
343,343,Chris Paul,25.226984646260135,12.104692147377037,"(25, 29)",Seth Curry,MADE,27.980784948342958,Beyond 3p Line
344,344,Chris Paul,14.525054783609948,23.913404938447812,"(25, 29)",Trae Young,MADE,27.979066321395543,Beyond 3p Line
345,345,Chris Paul,20.33793721775569,17.92099553887803,"(25, 29)",Russell Westbrook,MISSED,27.107079727957757,Beyond 3p Line
346,346,Chris Paul,-0.5514954344466118,28.38703802338368,"(25, 29)",Russell Westbrook,MISSED,28.392394667502888,Beyond 3p Line
347,347,Chris Paul,25.825142766499088,11.393644982323652,"(25, 29)",Russell Westbrook,MISSED,28.22681606014552,Beyond 3p Line
348,348,Chris Paul,24.73152285386543,10.602680073468928,"(25, 29)",Seth Curry,MISSED,26.908456801005947,Beyond 3p Line
349,349,Chris Paul,11.081354986207772,25.38060442816204,"(25, 29)",Russell Westbrook,MISSED,27.69425047675402,Beyond 3p Line
350,350,Chris Paul,-23.67852979411528,16.471101674908276,"(25, 29)",Russell Westbrook,MISSED,28.843889536537393,Beyond 3p Line
351,351,Chris Paul,-26.891476896690577,3.505057869381904,"(25, 29)",Russell Westbrook,MISSED,27.1189409887805,Beyond 3p Line
352,352,Chris Paul,12.007206021461885,25.69267103671472,"(25, 29)",Seth Curry,MISSED,28.359942550059404,Beyond 3p Line
353,353,Chris Paul,-26.43586188908153,7.230539081605953,"(25, 29)",Trae Young,MISSED,27.406851136699824,Beyond 3p Line
354,354,Chris Paul,-15.466370333379077,24.259804651092598,"(25, 29)",Trae Young,MISSED,28.770587984926593,Beyond 3p Line
355,355,Chris Paul,16.419832357298752,23.786675813593465,"(25, 29)",Seth Curry,MISSED,28.903578340800426,Beyond 3p Line
356,356,Chris Paul,-11.438000258378558,24.556567504929088,"(25, 29)",Russell Westbrook,MISSED,27.08971866843226,Beyond 3p Line
357,357,Chris Paul,-16.45258485061257,21.536643846727674,"(25, 29)",Russell Westbrook,MISSED,27.101929386067688,Beyond 3p Line
358,358,Chris Paul,-22.35281222949332,15.510549459896216,"(25, 29)",Russell Westbrook,MISSED,27.2070828850664,Beyond 3p Line
359,359,Chris Paul,22.55491597502844,13.319373638777463,"(25, 29)",Russell Westbrook,MISSED,26.194082323493472,Beyond 3p Line
360,360,Chris Paul,-27.491523475990565,2.0098413905060504,"(25, 29)",Seth Curry,MISSED,27.56489298810956,Beyond 3p Line
361,361,Chris Paul,6.8381315607050395,27.602299477075388,"(25, 29)",Seth Curry,MISSED,28.436718862478955,Beyond 3p Line
362,362,Chris Paul,-8.071923488921897,25.392433290543572,"(25, 29)",Russell Westbrook,MISSED,26.64454197815595,Beyond 3p Line
363,363,Russell Westbrook,-0.2992195442213009,0.2207147282624286,"(0, 4)",Trae Young,MADE,0.371816254238516,Under basket
364,364,Russell Westbrook,1.7641991963787829,2.578441536840765,"(0, 4)",Trae Young,MADE,3.124221433158877,Under basket
365,365,Russell Westbrook,3.2818520611460014,0.1852019902548141,"(0, 4)",Trae Young,MADE,3.287073581233405,Under basket
366,366,Russell Westbrook,-0.3582117105242706,1.1887787757538448,"(0, 4)",Chris Paul,MADE,1.241575856417776,Under basket
367,367,Russell Westbrook,2.519266852909288,2.8248124376365147,"(0, 4)",Trae Young,MADE,3.7850060480788423,Under basket
368,368,Russell Westbrook,-0.1166648786967692,3.3399185672128846,"(0, 4)",Trae Young,MADE,3.3419555247690984,Under basket
369,369,Russell Westbrook,-2.2250783306126345,2.406007493491836,"(0, 4)",Trae Young,MADE,3.277170370319611,Under basket
370,370,Russell Westbrook,-1.1985979251487544,1.8240810951113768,"(0, 4)",Trae Young,MADE,2.182638043220547,Under basket
371,371,Russell Westbrook,-0.3816613473713402,3.955095984825909,"(0, 4)",Chris Paul,MADE,3.9734682121873495,Under basket
372,372,Russell Westbrook,-0.8660362519084138,2.0293862128422866,"(0, 4)",Chris Paul,MADE,2.206451266285737,Under basket
373,373,Russell Westbrook,2.7261611210459185,1.4726226733244745,"(0, 4)",Chris Paul,MISSED,3.0984789810311217,Under basket
374,374,Russell Westbrook,1.5312110249597386,0.2090120288412745,"(0, 4)",Trae Young,MISSED,1.5454103762944646,Under basket
375,375,Russell Westbrook,0.1195374309341046,0.01936464887981,"(0, 4)",Chris Paul,MISSED,0.1210957762292482,Under basket
376,376,Russell Westbrook,2.3143040526518,2.5390865322976635,"(0, 4)",Trae Young,MISSED,3.4355441587346713,Under basket
377,377,Russell Westbrook,-1.1333181293669785,1.8437379805333955,"(0, 4)",Seth Curry,MISSED,2.1642041778014454,Under basket
378,378,Russell Westbrook,-3.6693289405500176,0.2165050103811742,"(0, 4)",Trae Young,MISSED,3.6757107195041976,Under basket
379,379,Russell Westbrook,1.2920290992154837,1.3539065429589796,"(0, 4)",Seth Curry,MISSED,1.87147057692252,Under basket
380,380,Russell Westbrook,-1.7621626528797474,2.128534040666783,"(0, 4)",Seth Curry,MISSED,2.763308592517573,Under basket
381,381,Russell Westbrook,-1.2403518516556915,1.749585287370229,"(0, 4)",Seth Curry,MISSED,2.1446494803785696,Under basket
382,382,Russell Westbrook,2.2955297850971443,0.1338924333379077,"(0, 4)",Trae Young,MISSED,2.2994312727222983,Under basket
383,383,Russell Westbrook,-3.131055119998616,1.3589223394842918,"(0, 4)",Seth Curry,MISSED,3.4132354283317476,Under basket
384,384,Russell Westbrook,3.38626451055008,0.7133026480484908,"(0, 4)",Chris Paul,MISSED,3.4605762530428317,Under basket
385,385,Russell Westbrook,2.2525896736749704,2.1965738764512244,"(0, 4)",Chris Paul,MISSED,3.1462830503079453,Under basket
386,386,Russell Westbrook,-3.4628805671407723,0.8646069228142725,"(0, 4)",Chris Paul,MISSED,3.569185754939012,Under basket
387,387,Russell Westbrook,-0.0658154592183652,3.7043063823034337,"(0, 4)",Trae Young,MISSED,3.704891017107801,Under basket
388,388,Russell Westbrook,7.925733405260701,3.072442318940418,"(5, 9)",Chris Paul,MADE,8.500420684559167,Under basket
389,389,Russell Westbrook,-1.229608898389583,5.0343865869612845,"(5, 9)",Seth Curry,MISSED,5.182372656416608,Under basket
390,390,Russell Westbrook,5.95120685551852,1.662453176969706,"(5, 9)",Trae Young,MISSED,6.179046334410133,Under basket
391,391,Russell Westbrook,-7.549446128305721,3.5369608100431176,"(5, 9)",Seth Curry,MISSED,8.336919611941278,Under basket
392,392,Russell Westbrook,-4.859825669692119,6.538380659076622,"(5, 9)",Chris Paul,MISSED,8.1466758363633,Under basket
393,393,Russell Westbrook,6.612133610467169,2.7834157656994023,"(5, 9)",Trae Young,MISSED,7.174100236783258,Under basket
394,394,Russell Westbrook,4.541418940256822,7.324431108830335,"(5, 9)",Trae Young,MISSED,8.618107510290468,Under basket
395,395,Russell Westbrook,6.604696736628096,3.4716163679740366,"(5, 9)",Chris Paul,MISSED,7.461510516591869,Under basket
396,396,Russell Westbrook,-7.3826323670318335,4.904612871512503,"(5, 9)",Trae Young,MISSED,8.863322632407792,Under basket
397,397,Russell Westbrook,10.377305495554529,5.576798920349733,"(10, 14)",Trae Young,MADE,11.78088093251435,Within 3p Line
398,398,Russell Westbrook,-2.906760838490048,13.61568834187459,"(10, 14)",Trae Young,MADE,13.92250794918929,Within 3p Line
399,399,Russell Westbrook,1.3366347862691463,13.013054882734282,"(10, 14)",Trae Young,MADE,13.081520933474032,Within 3p Line
400,400,Russell Westbrook,7.8207926158134,11.026338461298398,"(10, 14)",Trae Young,MADE,13.518318571577966,Within 3p Line
401,401,Russell Westbrook,-2.9097867199440803,11.989558046494524,"(10, 14)",Chris Paul,MISSED,12.337599479064982,Within 3p Line
402,402,Russell Westbrook,1.9259740288994107,12.588683822309015,"(10, 14)",Chris Paul,MISSED,12.735161417825049,Within 3p Line
403,403,Russell Westbrook,10.694437349448927,11.777437821486178,"(15, 19)",Seth Curry,MADE,15.908457871844815,Within 3p Line
404,404,Russell Westbrook,15.684971713899664,10.07197258347246,"(15, 19)",Seth Curry,MADE,18.640358617474437,Within 3p Line
405,405,Russell Westbrook,13.742130156207793,12.9051491982922,"(15, 19)",Trae Young,MADE,18.85176429569226,Within 3p Line
406,406,Russell Westbrook,-5.685577301910472,15.360064940684635,"(15, 19)",Trae Young,MADE,16.378564779554065,Within 3p Line
407,407,Russell Westbrook,18.22447455211149,5.35482261058673,"(15, 19)",Chris Paul,MADE,18.994883466118193,Within 3p Line
408,408,Russell Westbrook,15.9499955716722,5.269915393111502,"(15, 19)",Chris Paul,MADE,16.798046522941778,Within 3p Line
409,409,Russell Westbrook,-15.861108172413626,8.726210987997154,"(15, 19)",Chris Paul,MADE,18.103080143004632,Within 3p Line
410,410,Russell Westbrook,17.543807904575385,3.345542418928789,"(15, 19)",Trae Young,MADE,17.859951004117946,Within 3p Line
411,411,Russell Westbrook,-16.307865377871988,2.9434428078914285,"(15, 19)",Seth Curry,MISSED,16.571370756401645,Within 3p Line
412,412,Russell Westbrook,11.76443561737644,11.41998065361101,"(15, 19)",Seth Curry,MISSED,16.39566721802578,Within 3p Line
413,413,Russell Westbrook,18.59801805595304,0.9928474707293932,"(15, 19)",Chris Paul,MISSED,18.624500576114496,Within 3p Line
414,414,Russell Westbrook,-16.088383239934384,8.563963933589788,"(15, 19)",Seth Curry,MISSED,18.225738765022072,Within 3p Line
415,415,Russell Westbrook,-4.40470443942393,18.106663840232407,"(15, 19)",Chris Paul,MISSED,18.634717508507087,Within 3p Line
416,416,Russell Westbrook,-9.021230440860643,16.005449687317657,"(15, 19)",Chris Paul,MISSED,18.372724848545673,Within 3p Line
417,417,Russell Westbrook,-16.00238002748247,9.609362437191663,"(15, 19)",Chris Paul,MISSED,18.665905094403538,Within 3p Line
418,418,Russell Westbrook,14.599223158297656,10.358934233501454,"(15, 19)",Trae Young,MISSED,17.900973026061543,Within 3p Line
419,419,Russell Westbrook,-13.521784368031392,12.129457623671724,"(15, 19)",Chris Paul,MISSED,18.16486704437955,Within 3p Line
420,420,Russell Westbrook,-13.319082361745386,13.540337691384476,"(15, 19)",Chris Paul,MISSED,18.99312243301991,Within 3p Line
421,421,Russell Westbrook,-3.40635591776048,15.48062456208285,"(15, 19)",Trae Young,MISSED,15.85096203612338,Within 3p Line
422,422,Russell Westbrook,0.4859749481162485,18.62257239490964,"(15, 19)",Chris Paul,MISSED,18.628912320740767,Within 3p Line
423,423,Russell Westbrook,5.099071407592595,17.263281370993894,"(15, 19)",Trae Young,MISSED,18.000594793334834,Within 3p Line
424,424,Russell Westbrook,13.74909126853942,12.94130601423024,"(15, 19)",Trae Young,MISSED,18.881602476076512,Within 3p Line
425,425,Russell Westbrook,-3.4768874053637666,15.884519984081455,"(15, 19)",Seth Curry,MISSED,16.26058797074264,Within 3p Line
426,426,Russell Westbrook,10.595125827934066,18.816297651109945,"(20, 24)",Trae Young,MADE,21.59420636663735,Within 3p Line
427,427,Russell Westbrook,-4.448557062449673,23.1056126101222,"(20, 24)",Seth Curry,MISSED,23.52995949904948,Within 3p Line
428,428,Russell Westbrook,23.634204879985703,2.765371556212437,"(20, 24)",Seth Curry,MISSED,23.795439061993555,Within 3p Line
429,429,Russell Westbrook,-22.38749128711607,6.595455971670645,"(20, 24)",Chris Paul,MISSED,23.338804716714694,Within 3p Line
430,430,Russell Westbrook,16.88090778061021,13.921812762888086,"(20, 24)",Seth Curry,MISSED,21.88108585290913,Within 3p Line
431,431,Russell Westbrook,-16.591352555316433,17.228118911076862,"(20, 24)",Chris Paul,MISSED,23.918216087932006,Beyond 3p Line
432,432,Russell Westbrook,3.7619310209159047,22.47083171601358,"(20, 24)",Seth Curry,MISSED,22.783555539369427,Within 3p Line
433,433,Russell Westbrook,-13.834180168972273,25.1657400940726,"(25, 29)",Trae Young,MADE,28.71757328588192,Beyond 3p Line
434,434,Russell Westbrook,-26.25671301762719,6.574500415826584,"(25, 29)",Chris Paul,MADE,27.067305632584436,Beyond 3p Line
435,435,Russell Westbrook,-26.135633606011368,10.60137167964705,"(25, 29)",Trae Young,MADE,28.203907982364665,Beyond 3p Line
436,436,Russell Westbrook,21.367442602952856,17.749531032803805,"(25, 29)",Seth Curry,MADE,27.77793108341494,Beyond 3p Line
437,437,Russell Westbrook,23.432222574404094,16.000546212675598,"(25, 29)",Seth Curry,MISSED,28.37404683650854,Beyond 3p Line
438,438,Russell Westbrook,27.167919705719427,6.9847198819600615,"(25, 29)",Chris Paul,MISSED,28.05142015951895,Beyond 3p Line
439,439,Russell Westbrook,24.36471494511611,11.696198173143712,"(25, 29)",Seth Curry,MISSED,27.02666065318123,Beyond 3p Line
440,440,Russell Westbrook,-5.326258275660209,26.947323411371663,"(25, 29)",Chris Paul,MISSED,27.46865970986022,Beyond 3p Line
441,441,Russell Westbrook,20.217842304742653,18.88087202976488,"(25, 29)",Seth Curry,MISSED,27.66312484271796,Beyond 3p Line
442,442,Russell Westbrook,12.50174868617402,24.767454913708143,"(25, 29)",Chris Paul,MISSED,27.743837930517465,Beyond 3p Line
443,443,Russell Westbrook,16.70241683567108,20.645434002756595,"(25, 29)",Seth Curry,MISSED,26.555690036500405,Beyond 3p Line
444,444,Russell Westbrook,21.437695618945373,19.347148633196397,"(25, 29)",Chris Paul,MISSED,28.87710085319409,Beyond 3p Line
445,445,Russell Westbrook,2.29237630887756,28.226691090176782,"(25, 29)",Chris Paul,MISSED,28.31962356815091,Beyond 3p Line
446,446,Russell Westbrook,-12.764536752505771,24.107872698225375,"(25, 29)",Trae Young,MISSED,27.278616617048435,Beyond 3p Line
447,447,Trae Young,-2.7331846015549592,1.5199251346412672,"(0, 4)",Chris Paul,MADE,3.1273743749496026,Under basket
448,448,Trae Young,-0.2830958912354193,2.587251916525076,"(0, 4)",Seth Curry,MADE,2.602693943435735,Under basket
449,449,Trae Young,2.2200877123365497,2.176017893311616,"(0, 4)",Seth Curry,MADE,3.1086722764678907,Under basket
450,450,Trae Young,-3.347403574041392,0.3518790720661246,"(0, 4)",Chris Paul,MADE,3.3658475260865877,Under basket
451,451,Trae Young,0.3711449069356699,2.19783152649254,"(0, 4)",Chris Paul,MADE,2.228948622285587,Under basket
452,452,Trae Young,3.2966922741254083,2.165733329373684,"(0, 4)",Chris Paul,MADE,3.944436690357468,Under basket
453,453,Trae Young,2.1689079268438745,1.2986543574246678,"(0, 4)",Seth Curry,MADE,2.5279764111210117,Under basket
454,454,Trae Young,-0.9409118842879391,2.472822229636792,"(0, 4)",Russell Westbrook,MADE,2.645782484139646,Under basket
455,455,Trae Young,2.5288162866775115,1.7830511492102576,"(0, 4)",Chris Paul,MADE,3.0942177060551925,Under basket
456,456,Trae Young,3.3317263104459607,0.2723839834595,"(0, 4)",Chris Paul,MADE,3.3428420905216445,Under basket
457,457,Trae Young,3.0753665820616645,0.9530958813718288,"(0, 4)",Chris Paul,MADE,3.2196694509141133,Under basket
458,458,Trae Young,-1.4328688487669952,1.079081140883454,"(0, 4)",Russell Westbrook,MADE,1.7937472637964331,Under basket
459,459,Trae Young,2.091878251963144,0.4680078718677278,"(0, 4)",Seth Curry,MADE,2.1435918429511105,Under basket
460,460,Trae Young,2.981444874292552,2.130777649912219,"(0, 4)",Chris Paul,MADE,3.6645909637790095,Under basket
461,461,Trae Young,-0.0851776562329875,1.384503643754757,"(0, 4)",Russell Westbrook,MADE,1.387121325872955,Under basket
462,462,Trae Young,-1.9561502857928028,0.8477913242247455,"(0, 4)",Seth Curry,MADE,2.131964837899071,Under basket
463,463,Trae Young,1.3277106959865397,2.865435455396362,"(0, 4)",Chris Paul,MADE,3.1580905688848793,Under basket
464,464,Trae Young,0.4865791019231102,3.1583713212610327,"(0, 4)",Russell Westbrook,MADE,3.1956327425710955,Under basket
465,465,Trae Young,1.955305967290391,2.4502806281718628,"(0, 4)",Chris Paul,MADE,3.134820023943274,Under basket
466,466,Trae Young,-2.3460992160268286,1.0879604222956805,"(0, 4)",Russell Westbrook,MADE,2.5860857317427617,Under basket
467,467,Trae Young,1.4896381398436134,2.73053521497355,"(0, 4)",Seth Curry,MADE,3.1104411821938363,Under basket
468,468,Trae Young,1.895085541537498,2.985679560607289,"(0, 4)",Chris Paul,MADE,3.536330251598768,Under basket
469,469,Trae Young,3.580751237733172,0.6071688845531675,"(0, 4)",Seth Curry,MADE,3.631863637431502,Under basket
470,470,Trae Young,0.860673911130937,1.8406486292836488,"(0, 4)",Seth Curry,MADE,2.0319318290201567,Under basket
471,471,Trae Young,3.109278693476053,1.1699888520874848,"(0, 4)",Chris Paul,MADE,3.3221209953451636,Under basket
472,472,Trae Young,3.390528649284492,0.762772247648912,"(0, 4)",Chris Paul,MADE,3.475270640310233,Under basket
473,473,Trae Young,1.037187852124053,3.143300840477399,"(0, 4)",Russell Westbrook,MADE,3.3099998208972203,Under basket
474,474,Trae Young,-0.2197559145016153,1.909959825273256,"(0, 4)",Seth Curry,MADE,1.9225605832109134,Under basket
475,475,Trae Young,-0.7487557656785307,1.0719472867747877,"(0, 4)",Russell Westbrook,MADE,1.307557334215472,Under basket
476,476,Trae Young,-2.3837440228867934,2.6139774206574624,"(0, 4)",Russell Westbrook,MADE,3.537670635086816,Under basket
477,477,Trae Young,-0.592922542943571,1.066363510050134,"(0, 4)",Chris Paul,MADE,1.220118140795027,Under basket
478,478,Trae Young,-2.0287850645694645,1.8045815883375225,"(0, 4)",Russell Westbrook,MADE,2.7152317667534205,Under basket
479,479,Trae Young,-0.9867931144541112,3.7106049019820575,"(0, 4)",Seth Curry,MADE,3.8395767200757063,Under basket
480,480,Trae Young,1.2144340383427952,1.103695337083596,"(0, 4)",Chris Paul,MISSED,1.6410342563717744,Under basket
481,481,Trae Young,-2.1924335156006047,2.2998670429147694,"(0, 4)",Russell Westbrook,MISSED,3.1774444346698423,Under basket
482,482,Trae Young,-0.6912654907277038,0.5354282000609272,"(0, 4)",Seth Curry,MISSED,0.8743748258564501,Under basket
483,483,Trae Young,0.6941296763230534,2.5487122689270767,"(0, 4)",Seth Curry,MISSED,2.641543154546553,Under basket
484,484,Trae Young,0.5697571156429774,1.2749327062206983,"(0, 4)",Seth Curry,MISSED,1.396451422791727,Under basket
485,485,Trae Young,-1.3284281662804238,3.055675623969487,"(0, 4)",Russell Westbrook,MISSED,3.331947615417818,Under basket
486,486,Trae Young,-2.6088745229198853,1.7170590867775193,"(0, 4)",Chris Paul,MISSED,3.123222403836414,Under basket
487,487,Trae Young,-0.5974571623789314,2.150697764834265,"(0, 4)",Seth Curry,MISSED,2.232141558356232,Under basket
488,488,Trae Young,3.0950287086310118,1.9359262401478476,"(0, 4)",Russell Westbrook,MISSED,3.650618182519658,Under basket
489,489,Trae Young,0.9868656696735388,2.881315924871996,"(0, 4)",Chris Paul,MISSED,3.045633810703639,Under basket
490,490,Trae Young,0.2213665205349807,2.094777081666125,"(0, 4)",Russell Westbrook,MISSED,2.1064411119913635,Under basket
491,491,Trae Young,-2.8306321520031448,2.8081127686320864,"(0, 4)",Russell Westbrook,MISSED,3.987226567591628,Under basket
492,492,Trae Young,1.3286210465602333,1.9429804828118804,"(0, 4)",Chris Paul,MISSED,2.353806925376569,Under basket
493,493,Trae Young,3.546625747462389,1.8189373974235277,"(0, 4)",Seth Curry,MISSED,3.9858609419181983,Under basket
494,494,Trae Young,0.4624204208359822,3.896488020201154,"(0, 4)",Chris Paul,MISSED,3.923831231994724,Under basket
495,495,Trae Young,2.6540421387859103,0.4987032794282994,"(0, 4)",Russell Westbrook,MISSED,2.7004897028805406,Under basket
496,496,Trae Young,0.6076342934041432,1.3792689353595162,"(0, 4)",Chris Paul,MISSED,1.5071835424288993,Under basket
497,497,Trae Young,-1.6047117888672024,2.367134983294184,"(0, 4)",Russell Westbrook,MISSED,2.8597950895937516,Under basket
498,498,Trae Young,-3.965525421893613,0.5208531784386293,"(0, 4)",Chris Paul,MISSED,3.9995849666151786,Under basket
499,499,Trae Young,-0.6908161602789871,0.6073885346545868,"(0, 4)",Seth Curry,MISSED,0.9198629242079764,Under basket
500,500,Trae Young,3.723969905459255,0.5931872813528116,"(0, 4)",Seth Curry,MISSED,3.770918058977807,Under basket
501,501,Trae Young,-2.7527181959501994,1.2455162142323897,"(0, 4)",Russell Westbrook,MISSED,3.0213851304047794,Under basket
502,502,Trae Young,-0.6746605896645792,0.6678384947493301,"(0, 4)",Russell Westbrook,MISSED,0.949302463030413,Under basket
503,503,Trae Young,-2.6273950643117865,2.705125295870727,"(0, 4)",Seth Curry,MISSED,3.7710618783480103,Under basket
504,504,Trae Young,1.2164383609486693,1.3904993301220516,"(0, 4)",Russell Westbrook,MISSED,1.8474876651976218,Under basket
505,505,Trae Young,2.7659960548834874,0.8168747531417117,"(0, 4)",Russell Westbrook,MISSED,2.884097525735104,Under basket
506,506,Trae Young,3.350464841749514,1.6845334388510986,"(0, 4)",Chris Paul,MISSED,3.7501023402578104,Under basket
507,507,Trae Young,1.9511917764224664,1.5662784725017818,"(0, 4)",Chris Paul,MISSED,2.5020746595178123,Under basket
508,508,Trae Young,-0.0690584956647118,2.988924910958124,"(0, 4)",Russell Westbrook,MISSED,2.989722595688353,Under basket
509,509,Trae Young,-3.2632009646640623,0.2085047764019415,"(0, 4)",Seth Curry,MISSED,3.2698554673818365,Under basket
510,510,Trae Young,5.133699348652573,6.7702100405691725,"(5, 9)",Chris Paul,MADE,8.496505928661469,Under basket
511,511,Trae Young,7.845695910683464,1.881886915991696,"(5, 9)",Chris Paul,MADE,8.068236652918404,Under basket
512,512,Trae Young,8.594815671575795,0.5456526614740878,"(5, 9)",Seth Curry,MADE,8.612118975916358,Under basket
513,513,Trae Young,6.960114852110949,2.5012731779424047,"(5, 9)",Seth Curry,MADE,7.395915512312827,Under basket
514,514,Trae Young,4.713707816076955,6.270836735949948,"(5, 9)",Russell Westbrook,MADE,7.844898644615134,Under basket
515,515,Trae Young,-7.093980951083889,2.2440102022353137,"(5, 9)",Seth Curry,MADE,7.440440008633714,Under basket
516,516,Trae Young,-6.5744840108710525,0.3356807995267118,"(5, 9)",Seth Curry,MADE,6.58304804846281,Under basket
517,517,Trae Young,6.500978186611306,1.6961896851657474,"(5, 9)",Seth Curry,MADE,6.7186142046450845,Under basket
518,518,Trae Young,4.415639305357393,5.540866665171578,"(5, 9)",Seth Curry,MADE,7.0851304770079375,Under basket
519,519,Trae Young,2.483646429263716,8.648525278555638,"(5, 9)",Seth Curry,MADE,8.998082522371657,Under basket
520,520,Trae Young,7.720789252311739,3.9061586749393022,"(5, 9)",Seth Curry,MADE,8.652667928010183,Under basket
521,521,Trae Young,-1.474980948883824,8.12503267575295,"(5, 9)",Russell Westbrook,MADE,8.257828091067491,Under basket
522,522,Trae Young,6.4734310658756655,1.912250242867765,"(5, 9)",Chris Paul,MADE,6.749963759605824,Under basket
523,523,Trae Young,1.289105217147978,5.733065080545411,"(5, 9)",Russell Westbrook,MADE,5.876208597271484,Under basket
524,524,Trae Young,-7.881005997112785,2.438467341531417,"(5, 9)",Seth Curry,MADE,8.24962899179369,Under basket
525,525,Trae Young,1.8140690162951691,8.572779374085002,"(5, 9)",Russell Westbrook,MADE,8.762613342640389,Under basket
526,526,Trae Young,2.62760891695984,8.499196161128593,"(5, 9)",Chris Paul,MADE,8.896103866627788,Under basket
527,527,Trae Young,-7.025877272575912,2.3953954199287586,"(5, 9)",Chris Paul,MADE,7.422996070800147,Under basket
528,528,Trae Young,1.9219658561374064,6.876035939724225,"(5, 9)",Seth Curry,MADE,7.139595436475179,Under basket
529,529,Trae Young,-3.01860185057782,8.026061956411624,"(5, 9)",Chris Paul,MADE,8.57494184589434,Under basket
530,530,Trae Young,0.3657713460780434,7.481132081594883,"(5, 9)",Chris Paul,MADE,7.490068484325089,Under basket
531,531,Trae Young,-8.030687455941678,1.2590744866251626,"(5, 9)",Chris Paul,MADE,8.1287889367291,Under basket
532,532,Trae Young,0.2407557782094779,8.436184295762803,"(5, 9)",Chris Paul,MADE,8.439618997135842,Under basket
533,533,Trae Young,-7.833183618916549,0.953711578711246,"(5, 9)",Seth Curry,MADE,7.891028537714869,Under basket
534,534,Trae Young,-5.177271537874236,5.525975126776656,"(5, 9)",Seth Curry,MADE,7.572353774001644,Under basket
535,535,Trae Young,8.15876495103142,2.6197349856817205,"(5, 9)",Russell Westbrook,MISSED,8.569040606823119,Under basket
536,536,Trae Young,3.096349725439963,6.336974933865395,"(5, 9)",Chris Paul,MISSED,7.052987518397467,Under basket
537,537,Trae Young,-6.511059561477941,1.2349578172460782,"(5, 9)",Seth Curry,MISSED,6.627142477983291,Under basket
538,538,Trae Young,-2.448112136480916,7.626075620541765,"(5, 9)",Russell Westbrook,MISSED,8.00938714278481,Under basket
539,539,Trae Young,3.310412965297256,7.828649009877094,"(5, 9)",Russell Westbrook,MISSED,8.499798781186398,Under basket
540,540,Trae Young,4.31479192838307,7.726236050278097,"(5, 9)",Russell Westbrook,MISSED,8.849415398197587,Under basket
541,541,Trae Young,4.959726085257592,5.608947500377774,"(5, 9)",Russell Westbrook,MISSED,7.487267519113944,Under basket
542,542,Trae Young,-8.53269837498546,0.5668575788443857,"(5, 9)",Chris Paul,MISSED,8.551506830563419,Under basket
543,543,Trae Young,4.484350364614159,2.773551012750099,"(5, 9)",Seth Curry,MISSED,5.272758615083972,Under basket
544,544,Trae Young,8.005588774706647,0.3717352727685888,"(5, 9)",Russell Westbrook,MISSED,8.014214792649959,Under basket
545,545,Trae Young,7.680935941392117,3.862720458641929,"(5, 9)",Seth Curry,MISSED,8.597522101011437,Under basket
546,546,Trae Young,4.25199198121148,7.382067053554088,"(5, 9)",Russell Westbrook,MISSED,8.519058034281459,Under basket
547,547,Trae Young,-1.9873497775331548,8.753715001728537,"(5, 9)",Chris Paul,MISSED,8.976473999836925,Under basket
548,548,Trae Young,-7.591317701326861,2.742926097368961,"(5, 9)",Russell Westbrook,MISSED,8.071663274573973,Under basket
549,549,Trae Young,5.5900061067953,6.46621478352524,"(5, 9)",Chris Paul,MISSED,8.547520219378782,Under basket
550,550,Trae Young,3.003068433427648,6.571679888505826,"(5, 9)",Seth Curry,MISSED,7.2253302051076895,Under basket
551,551,Trae Young,6.9546756033445805,4.863799950204968,"(5, 9)",Seth Curry,MISSED,8.486699164184515,Under basket
552,552,Trae Young,6.560600771228455,6.032306307412791,"(5, 9)",Seth Curry,MISSED,8.912362305578446,Under basket
553,553,Trae Young,1.424873979296308,8.367281732734776,"(5, 9)",Chris Paul,MISSED,8.487736415077507,Under basket
554,554,Trae Young,1.322648637287673,7.296920369366389,"(5, 9)",Russell Westbrook,MISSED,7.415824046900861,Under basket
555,555,Trae Young,-0.5228895932619906,6.786228091330163,"(5, 9)",Chris Paul,MISSED,6.806343014740024,Under basket
556,556,Trae Young,6.630945937972625,2.481517983304084,"(5, 9)",Chris Paul,MISSED,7.080068893293146,Under basket
557,557,Trae Young,-0.1270508421561809,6.071871955483534,"(5, 9)",Russell Westbrook,MISSED,6.073201047246832,Under basket
558,558,Trae Young,3.9294164753077294,7.942552914416948,"(5, 9)",Seth Curry,MISSED,8.861402859295643,Under basket
559,559,Trae Young,-5.632000780172393,6.087513908348604,"(5, 9)",Russell Westbrook,MISSED,8.293205554681503,Under basket
560,560,Trae Young,0.9643595936338808,5.767578804816022,"(5, 9)",Seth Curry,MISSED,5.847645226550318,Under basket
561,561,Trae Young,-0.0922060191949835,6.4889823196457534,"(5, 9)",Chris Paul,MISSED,6.489637393156182,Under basket
562,562,Trae Young,6.507208491269941,3.949001500091911,"(5, 9)",Chris Paul,MISSED,7.6117261640565985,Under basket
563,563,Trae Young,8.79790688860509,10.811353456610655,"(10, 14)",Chris Paul,MADE,13.938742023021018,Within 3p Line
564,564,Trae Young,5.174932687422328,9.996425183271763,"(10, 14)",Chris Paul,MADE,11.25648456508967,Within 3p Line
565,565,Trae Young,-12.704558177093896,4.032197731638988,"(10, 14)",Seth Curry,MADE,13.329081627111373,Within 3p Line
566,566,Trae Young,-5.7489736743670345,9.893311099659751,"(10, 14)",Chris Paul,MADE,11.442390607876312,Within 3p Line
567,567,Trae Young,-6.008964437315329,9.700166228549234,"(10, 14)",Chris Paul,MADE,11.410559954288281,Within 3p Line
568,568,Trae Young,2.1068393041543256,13.137164500173762,"(10, 14)",Russell Westbrook,MADE,13.305031490310546,Within 3p Line
569,569,Trae Young,-12.467507561589647,4.640279948050133,"(10, 14)",Chris Paul,MADE,13.30304261417557,Within 3p Line
570,570,Trae Young,2.5170263399102466,13.441695228768832,"(10, 14)",Seth Curry,MADE,13.675327865133937,Within 3p Line
571,571,Trae Young,-6.836861389399312,9.431519957797448,"(10, 14)",Seth Curry,MADE,11.648873008673014,Within 3p Line
572,572,Trae Young,-10.384315915477204,8.865018912100846,"(10, 14)",Seth Curry,MADE,13.653665344673525,Within 3p Line
573,573,Trae Young,-8.876628103796003,9.246154758123392,"(10, 14)",Chris Paul,MADE,12.817406301755003,Within 3p Line
574,574,Trae Young,0.1335693846813285,12.519285737473338,"(10, 14)",Seth Curry,MADE,12.519998249082445,Within 3p Line
575,575,Trae Young,11.09880816825693,5.141099387712327,"(10, 14)",Russell Westbrook,MADE,12.231698396792769,Within 3p Line
576,576,Trae Young,13.831683871396136,1.231293451337888,"(10, 14)",Russell Westbrook,MADE,13.88638046006041,Within 3p Line
577,577,Trae Young,-11.44872643388524,0.9222766006026804,"(10, 14)",Seth Curry,MADE,11.485814341437088,Within 3p Line
578,578,Trae Young,11.92204479837538,3.2814294895106992,"(10, 14)",Chris Paul,MADE,12.36539249959741,Within 3p Line
579,579,Trae Young,0.8064452045394858,12.888867855813196,"(10, 14)",Chris Paul,MADE,12.914072497571762,Within 3p Line
580,580,Trae Young,-12.7402330952955,0.6036454641378796,"(10, 14)",Chris Paul,MADE,12.754525752407925,Within 3p Line
581,581,Trae Young,1.1533829985272686,13.002324418585788,"(10, 14)",Chris Paul,MADE,13.053380122690214,Within 3p Line
582,582,Trae Young,-12.358809845077577,6.422463991703996,"(10, 14)",Seth Curry,MADE,13.927965555368123,Within 3p Line
583,583,Trae Young,11.51824368491282,3.630697232072325,"(10, 14)",Chris Paul,MADE,12.076915996065043,Within 3p Line
584,584,Trae Young,11.385728258675758,3.662616859786167,"(10, 14)",Chris Paul,MADE,11.960333199455507,Within 3p Line
585,585,Trae Young,1.6938475833655906,13.050300907093565,"(10, 14)",Chris Paul,MADE,13.159767224436782,Within 3p Line
586,586,Trae Young,-12.193273082607124,6.372280025225469,"(10, 14)",Chris Paul,MADE,13.757974457997767,Within 3p Line
587,587,Trae Young,-13.000355789228662,2.219895522637556,"(10, 14)",Seth Curry,MADE,13.188524814320873,Within 3p Line
588,588,Trae Young,-3.133167892620963,11.540441336333112,"(10, 14)",Chris Paul,MADE,11.958199165455342,Within 3p Line
589,589,Trae Young,1.1744233038224048,13.686466639257684,"(10, 14)",Chris Paul,MADE,13.736762324655496,Within 3p Line
590,590,Trae Young,-2.574893250400486,13.398595512165684,"(10, 14)",Chris Paul,MADE,13.643769162133475,Within 3p Line
591,591,Trae Young,-5.48070799589346,11.722472255758326,"(10, 14)",Seth Curry,MADE,12.940421783051516,Within 3p Line
592,592,Trae Young,-1.2340297043412585,12.86724600791813,"(10, 14)",Chris Paul,MISSED,12.926285202620342,Within 3p Line
593,593,Trae Young,-12.54479470622346,3.690646387746479,"(10, 14)",Seth Curry,MISSED,13.076419425082626,Within 3p Line
594,594,Trae Young,-11.05217992263249,5.248823185675825,"(10, 14)",Seth Curry,MISSED,12.235228885342883,Within 3p Line
595,595,Trae Young,-12.24848920397576,0.2796062777577439,"(10, 14)",Russell Westbrook,MISSED,12.251680188875007,Within 3p Line
596,596,Trae Young,-10.965364990919465,6.080389105173204,"(10, 14)",Chris Paul,MISSED,12.538355596105545,Within 3p Line
597,597,Trae Young,9.262142659331817,9.681941152125226,"(10, 14)",Seth Curry,MISSED,13.39877871729473,Within 3p Line
598,598,Trae Young,-13.348913914981612,1.8266845347728449,"(10, 14)",Russell Westbrook,MISSED,13.47331730121309,Within 3p Line
599,599,Trae Young,-2.2072478536024414,10.785316705325467,"(10, 14)",Chris Paul,MISSED,11.008860046408309,Within 3p Line
600,600,Trae Young,13.726807214460012,2.011651550618155,"(10, 14)",Seth Curry,MISSED,13.873427055491943,Within 3p Line
601,601,Trae Young,-11.551525364949343,5.819634155766067,"(10, 14)",Chris Paul,MISSED,12.934677420176628,Within 3p Line
602,602,Trae Young,-11.86006393002322,0.7065199099724297,"(10, 14)",Russell Westbrook,MISSED,11.88108946214215,Within 3p Line
603,603,Trae Young,8.685217406672507,9.818968679527885,"(10, 14)",Seth Curry,MISSED,13.108972016550979,Within 3p Line
604,604,Trae Young,7.162427451820329,11.409534655140297,"(10, 14)",Russell Westbrook,MISSED,13.471371424225406,Within 3p Line
605,605,Trae Young,-11.71418096495884,3.769215794064864,"(10, 14)",Russell Westbrook,MISSED,12.30565005930333,Within 3p Line
606,606,Trae Young,-11.539922691297374,7.110848699589537,"(10, 14)",Chris Paul,MISSED,13.554850974819834,Within 3p Line
607,607,Trae Young,13.084705378257,1.5863752385976375,"(10, 14)",Russell Westbrook,MISSED,13.180519763401723,Within 3p Line
608,608,Trae Young,12.453335112939348,4.275876481577051,"(10, 14)",Russell Westbrook,MISSED,13.166953904410535,Within 3p Line
609,609,Trae Young,12.931639531621256,0.4893765382588929,"(10, 14)",Seth Curry,MISSED,12.940896042082551,Within 3p Line
610,610,Trae Young,-6.925154078674726,12.092577513115929,"(10, 14)",Seth Curry,MISSED,13.935142264221856,Within 3p Line
611,611,Trae Young,-6.984921151588552,11.458497793688876,"(10, 14)",Chris Paul,MISSED,13.419623511182495,Within 3p Line
612,612,Trae Young,-7.737729484165069,10.241988863405483,"(10, 14)",Russell Westbrook,MISSED,12.836307625179423,Within 3p Line
613,613,Trae Young,-12.09978930770268,0.5910422227799905,"(10, 14)",Russell Westbrook,MISSED,12.114216119910724,Within 3p Line
614,614,Trae Young,11.598750377483915,0.8144591297987491,"(10, 14)",Chris Paul,MISSED,11.627310694795069,Within 3p Line
615,615,Trae Young,-10.81451651017374,7.229210187598985,"(10, 14)",Seth Curry,MISSED,13.008276107359706,Within 3p Line
616,616,Trae Young,-8.446056425296334,7.810089050635273,"(10, 14)",Russell Westbrook,MISSED,11.50362378201506,Within 3p Line
617,617,Trae Young,9.187091262900948,5.596756475733775,"(10, 14)",Russell Westbrook,MISSED,10.75761725111741,Within 3p Line
618,618,Trae Young,-6.925604666162188,10.388034802996875,"(10, 14)",Russell Westbrook,MISSED,12.485001684430875,Within 3p Line
619,619,Trae Young,-10.02740955376456,8.814493717236706,"(10, 14)",Seth Curry,MISSED,13.350814276669949,Within 3p Line
620,620,Trae Young,-8.969267976986876,8.139153121578078,"(10, 14)",Russell Westbrook,MISSED,12.111712578306026,Within 3p Line
621,621,Trae Young,5.01705061507543,12.557337926890447,"(10, 14)",Chris Paul,MISSED,13.522482489703954,Within 3p Line
622,622,Trae Young,15.822873216144751,3.2792996975176787,"(15, 19)",Russell Westbrook,MADE,16.159118890593337,Within 3p Line
623,623,Trae Young,-4.024768749530828,18.106295892592843,"(15, 19)",Chris Paul,MADE,18.548226719482496,Within 3p Line
624,624,Trae Young,5.41708425782947,17.434229952237523,"(15, 19)",Chris Paul,MADE,18.25642834411813,Within 3p Line
625,625,Trae Young,-11.954887761288193,13.369921575710547,"(15, 19)",Chris Paul,MADE,17.93527653329183,Within 3p Line
626,626,Trae Young,-14.940555788257978,7.657582081754103,"(15, 19)",Chris Paul,MADE,16.78865005296288,Within 3p Line
627,627,Trae Young,-0.475452746902123,17.74780419989261,"(15, 19)",Chris Paul,MADE,17.75417160084532,Within 3p Line
628,628,Trae Young,12.622290959181898,13.943107670607832,"(15, 19)",Seth Curry,MADE,18.807777130017467,Within 3p Line
629,629,Trae Young,17.875817783551174,5.088948683418812,"(15, 19)",Seth Curry,MADE,18.586077050663338,Within 3p Line
630,630,Trae Young,17.05336824968775,2.1458575611858133,"(15, 19)",Chris Paul,MADE,17.18784667526321,Within 3p Line
631,631,Trae Young,-2.5543830049968004,17.497697240901086,"(15, 19)",Russell Westbrook,MADE,17.683163780004243,Within 3p Line
632,632,Trae Young,-16.94021262181977,2.568927948534797,"(15, 19)",Seth Curry,MISSED,17.133890231854092,Within 3p Line
633,633,Trae Young,-12.083583111354812,11.760199409025788,"(15, 19)",Chris Paul,MISSED,16.861650896311122,Within 3p Line
634,634,Trae Young,-17.44529189207919,2.621794942988559,"(15, 19)",Russell Westbrook,MISSED,17.641202281106704,Within 3p Line
635,635,Trae Young,3.3976983654156903,17.72246702381478,"(15, 19)",Russell Westbrook,MISSED,18.045226282664085,Within 3p Line
636,636,Trae Young,8.598306454924792,16.864703540952057,"(15, 19)",Russell Westbrook,MISSED,18.93011091930003,Within 3p Line
637,637,Trae Young,-13.140212276534388,7.544306483119387,"(15, 19)",Russell Westbrook,MISSED,15.151954955833991,Within 3p Line
638,638,Trae Young,12.395296902578158,12.584299403283351,"(15, 19)",Chris Paul,MISSED,17.663747529177986,Within 3p Line
639,639,Trae Young,-2.369442767070862,18.52163189343104,"(15, 19)",Seth Curry,MISSED,18.6725763359582,Within 3p Line
640,640,Trae Young,-12.048233335360123,13.614177897971862,"(15, 19)",Russell Westbrook,MISSED,18.179817555215138,Within 3p Line
641,641,Trae Young,7.106483602454217,15.041071305030169,"(15, 19)",Russell Westbrook,MISSED,16.635382027322144,Within 3p Line
642,642,Trae Young,13.101484880027222,13.709149714945497,"(15, 19)",Chris Paul,MISSED,18.962850312344187,Within 3p Line
643,643,Trae Young,-7.122288814366458,15.358529426286838,"(15, 19)",Russell Westbrook,MISSED,16.92960200634877,Within 3p Line
644,644,Trae Young,2.351855360123003,16.70248937726798,"(15, 19)",Russell Westbrook,MISSED,16.867257484033647,Within 3p Line
645,645,Trae Young,-18.552605644647667,3.640809928647051,"(15, 19)",Chris Paul,MISSED,18.906471726431334,Within 3p Line
646,646,Trae Young,2.0903402187652573,22.31088066571904,"(20, 24)",Russell Westbrook,MADE,22.408590279402745,Within 3p Line
647,647,Trae Young,-18.4934385686525,9.228514797864454,"(20, 24)",Russell Westbrook,MADE,20.668158008563005,Within 3p Line
648,648,Trae Young,-4.213858467207134,22.93666558091108,"(20, 24)",Chris Paul,MADE,23.320532394270167,Within 3p Line
649,649,Trae Young,-22.630213995120027,6.976512084889546,"(20, 24)",Russell Westbrook,MADE,23.6811804252984,Within 3p Line
650,650,Trae Young,22.12104506426239,5.073227348296478,"(20, 24)",Chris Paul,MADE,22.695335874638,Within 3p Line
651,651,Trae Young,22.726533759066594,6.776277553804628,"(20, 24)",Chris Paul,MADE,23.715254040136067,Within 3p Line
652,652,Trae Young,-21.73999390868085,4.019586428334166,"(20, 24)",Chris Paul,MADE,22.10846919631318,Within 3p Line
653,653,Trae Young,20.038554746593253,12.101815042921103,"(20, 24)",Russell Westbrook,MADE,23.40934863821047,Within 3p Line
654,654,Trae Young,16.333840213842947,12.200023221300004,"(20, 24)",Chris Paul,MADE,20.387125906601263,Within 3p Line
655,655,Trae Young,-19.75640376806384,12.916216528071947,"(20, 24)",Seth Curry,MADE,23.60390093282901,Within 3p Line
656,656,Trae Young,21.93740482418137,7.5753705220449135,"(20, 24)",Seth Curry,MADE,23.208532244980145,Within 3p Line
657,657,Trae Young,-20.175742898675058,8.195006544724142,"(20, 24)",Chris Paul,MADE,21.776563865346354,Within 3p Line
658,658,Trae Young,-10.548973434958636,20.606017006235007,"(20, 24)",Seth Curry,MADE,23.149271638492415,Within 3p Line
659,659,Trae Young,12.173894844828364,18.178710273841183,"(20, 24)",Chris Paul,MADE,21.87851052775754,Within 3p Line
660,660,Trae Young,12.501306432972346,17.812991442854557,"(20, 24)",Chris Paul,MISSED,21.762015685002282,Within 3p Line
661,661,Trae Young,19.708343354505843,11.187016556285313,"(20, 24)",Russell Westbrook,MISSED,22.662041770539926,Within 3p Line
662,662,Trae Young,-15.877846475888711,17.627815982255033,"(20, 24)",Chris Paul,MISSED,23.72437364855261,Within 3p Line
663,663,Trae Young,-20.325334227637903,12.750627555944202,"(20, 24)",Russell Westbrook,MISSED,23.993701559692546,Beyond 3p Line
664,664,Trae Young,8.70998745282726,21.789917926964243,"(20, 24)",Seth Curry,MISSED,23.466239679425545,Within 3p Line
665,665,Trae Young,23.37275574286805,4.952529264437692,"(20, 24)",Chris Paul,MISSED,23.891698498241666,Within 3p Line
666,666,Trae Young,16.680449326148977,14.91366842938086,"(20, 24)",Seth Curry,MISSED,22.375318897028823,Within 3p Line
667,667,Trae Young,-23.10198333409741,6.388825914371854,"(20, 24)",Russell Westbrook,MISSED,23.969120353760665,Beyond 3p Line
668,668,Trae Young,-0.2371763358319819,23.091387176344757,"(20, 24)",Russell Westbrook,MISSED,23.092605187421746,Within 3p Line
669,669,Trae Young,20.576089940069892,10.904100997639873,"(20, 24)",Chris Paul,MISSED,23.286796597827195,Within 3p Line
670,670,Trae Young,-22.03940187248941,4.504996565298257,"(20, 24)",Seth Curry,MISSED,22.495115668749936,Within 3p Line
671,671,Trae Young,20.65117098727364,11.491784755463913,"(20, 24)",Seth Curry,MISSED,23.633281194356517,Within 3p Line
672,672,Trae Young,-19.781216071636813,3.93253776235118,"(20, 24)",Seth Curry,MISSED,20.16832572439023,Within 3p Line
673,673,Trae Young,13.262450120141304,19.47432836707828,"(20, 24)",Seth Curry,MISSED,23.561452598216984,Within 3p Line
674,674,Trae Young,12.447930025624702,19.875669188977533,"(20, 24)",Seth Curry,MISSED,23.451933558504717,Within 3p Line
675,675,Trae Young,-20.649734405365983,9.29217676591435,"(20, 24)",Chris Paul,MISSED,22.64411800139617,Within 3p Line
676,676,Trae Young,-0.1420656433385608,22.879460984398545,"(20, 24)",Seth Curry,MISSED,22.879902044887178,Within 3p Line
677,677,Trae Young,24.11756984412264,14.066937698682192,"(25, 29)",Russell Westbrook,MADE,27.920170332659865,Beyond 3p Line
678,678,Trae Young,-9.411902038991796,26.8040303188247,"(25, 29)",Russell Westbrook,MADE,28.4084484145835,Beyond 3p Line
679,679,Trae Young,25.573803965805027,9.287886766326055,"(25, 29)",Russell Westbrook,MADE,27.20816586735533,Beyond 3p Line
680,680,Trae Young,-26.505442271345775,0.8956945886373044,"(25, 29)",Chris Paul,MADE,26.52057199224326,Beyond 3p Line
681,681,Trae Young,-22.63672748508901,12.064891006359542,"(25, 29)",Seth Curry,MADE,25.651179821394564,Beyond 3p Line
682,682,Trae Young,24.767550747320414,11.956274081813453,"(25, 29)",Chris Paul,MADE,27.50243734545242,Beyond 3p Line
683,683,Trae Young,-26.825586732463144,5.308629049837889,"(25, 29)",Seth Curry,MADE,27.345815876102243,Beyond 3p Line
684,684,Trae Young,-28.56597616478079,4.909054579975329,"(25, 29)",Seth Curry,MADE,28.984716854163004,Beyond 3p Line
685,685,Trae Young,15.549466241295564,23.64101129274395,"(25, 29)",Chris Paul,MADE,28.296348091809257,Beyond 3p Line
686,686,Trae Young,-2.0342363785757227,27.038220001180775,"(25, 29)",Seth Curry,MADE,27.114635503288127,Beyond 3p Line
687,687,Trae Young,27.006987749866816,4.374010125564708,"(25, 29)",Chris Paul,MADE,27.358898952625978,Beyond 3p Line
688,688,Trae Young,-25.80510087803024,6.892741641889579,"(25, 29)",Russell Westbrook,MADE,26.709794433262786,Beyond 3p Line
689,689,Trae Young,-24.675599136049765,6.831564425014772,"(25, 29)",Seth Curry,MADE,25.60381739538359,Beyond 3p Line
690,690,Trae Young,-27.426111951811528,1.1335049102051813,"(25, 29)",Seth Curry,MADE,27.449525499992863,Beyond 3p Line
691,691,Trae Young,15.430518254274071,21.530191433447616,"(25, 29)",Chris Paul,MADE,26.488677519959097,Beyond 3p Line
692,692,Trae Young,27.09531299737196,3.2236509527231028,"(25, 29)",Russell Westbrook,MADE,27.286405257756954,Beyond 3p Line
693,693,Trae Young,26.35550454195493,11.179933702708308,"(25, 29)",Chris Paul,MADE,28.628718749849074,Beyond 3p Line
694,694,Trae Young,27.50028881914879,9.053580356584815,"(25, 29)",Russell Westbrook,MADE,28.952257293857734,Beyond 3p Line
695,695,Trae Young,-4.245299450074149,28.00103055067472,"(25, 29)",Seth Curry,MADE,28.321021862224868,Beyond 3p Line
696,696,Trae Young,-27.029729787285092,7.466576690332999,"(25, 29)",Chris Paul,MADE,28.042040935821184,Beyond 3p Line
697,697,Trae Young,20.91301926187948,19.888580153558934,"(25, 29)",Chris Paul,MADE,28.860180095977928,Beyond 3p Line
698,698,Trae Young,16.578419122428986,21.787065065430905,"(25, 29)",Chris Paul,MADE,27.37736628611742,Beyond 3p Line
699,699,Trae Young,-24.362822209631425,11.232521515778346,"(25, 29)",Chris Paul,MADE,26.827535213294077,Beyond 3p Line
700,700,Trae Young,16.473361848485553,21.542632188674467,"(25, 29)",Chris Paul,MADE,27.11930405094594,Beyond 3p Line
701,701,Trae Young,14.077942649405651,24.807462275459045,"(25, 29)",Russell Westbrook,MADE,28.52365077945455,Beyond 3p Line
702,702,Trae Young,18.313252028692737,20.934704257277232,"(25, 29)",Chris Paul,MADE,27.814331597327307,Beyond 3p Line
703,703,Trae Young,-7.302160295021284,27.049806082678504,"(25, 29)",Chris Paul,MADE,28.018093334213454,Beyond 3p Line
704,704,Trae Young,12.000009575484668,25.54457745364777,"(25, 29)",Chris Paul,MADE,28.22278630995058,Beyond 3p Line
705,705,Trae Young,-12.65134348669438,26.05962112832908,"(25, 29)",Russell Westbrook,MADE,28.96826445216178,Beyond 3p Line
706,706,Trae Young,27.4318179369978,7.446090958408072,"(25, 29)",Seth Curry,MADE,28.424442050627498,Beyond 3p Line
707,707,Trae Young,-15.255063012869408,23.956935349599423,"(25, 29)",Russell Westbrook,MADE,28.401614370868124,Beyond 3p Line
708,708,Trae Young,11.2048359685554,23.197672308947325,"(25, 29)",Seth Curry,MISSED,25.76199428684694,Beyond 3p Line
709,709,Trae Young,25.279810385277784,13.210707117384349,"(25, 29)",Russell Westbrook,MISSED,28.52352705499283,Beyond 3p Line
710,710,Trae Young,22.079391012476343,17.061476153078893,"(25, 29)",Russell Westbrook,MISSED,27.90328790669481,Beyond 3p Line
711,711,Trae Young,-5.479893345035856,25.404620502684647,"(25, 29)",Russell Westbrook,MISSED,25.988920215322402,Beyond 3p Line
712,712,Trae Young,-3.6738737370421544,27.506219801904813,"(25, 29)",Seth Curry,MISSED,27.750486050273576,Beyond 3p Line
713,713,Trae Young,-27.6801760794126,5.713298354038618,"(25, 29)",Chris Paul,MISSED,28.263650257345493,Beyond 3p Line
714,714,Trae Young,26.77555153396833,7.0515557595269565,"(25, 29)",Russell Westbrook,MISSED,27.68852828479534,Beyond 3p Line
715,715,Trae Young,-28.122666252403956,1.6592291414568765,"(25, 29)",Russell Westbrook,MISSED,28.17157074939131,Beyond 3p Line
716,716,Trae Young,26.043360895742293,11.199160070317005,"(25, 29)",Russell Westbrook,MISSED,28.34921221174341,Beyond 3p Line
717,717,Trae Young,12.343291476129371,26.003215889916067,"(25, 29)",Seth Curry,MISSED,28.784094237656173,Beyond 3p Line
718,718,Trae Young,-22.29778897087564,16.302899630307333,"(25, 29)",Russell Westbrook,MISSED,27.622018922330394,Beyond 3p Line
719,719,Trae Young,22.498081874973565,14.860888416807304,"(25, 29)",Russell Westbrook,MISSED,26.963117263955432,Beyond 3p Line
720,720,Trae Young,15.687541350412255,23.77598521731452,"(25, 29)",Russell Westbrook,MISSED,28.485021093108795,Beyond 3p Line
721,721,Trae Young,-20.383903075281594,17.742719732316548,"(25, 29)",Seth Curry,MISSED,27.024204115607354,Beyond 3p Line
722,722,Trae Young,10.873111700226998,25.308603748865902,"(25, 29)",Russell Westbrook,MISSED,27.545416710638495,Beyond 3p Line
723,723,Trae Young,-24.5241511114514,15.282808079121672,"(25, 29)",Seth Curry,MISSED,28.89633558983854,Beyond 3p Line
724,724,Trae Young,-9.953960567025042,27.12911456215761,"(25, 29)",Seth Curry,MISSED,28.89758100423912,Beyond 3p Line
725,725,Trae Young,26.973331727367032,5.97572348152688,"(25, 29)",Chris Paul,MISSED,27.627339640331943,Beyond 3p Line
726,726,Trae Young,-19.509127680873476,21.371048145979735,"(25, 29)",Russell Westbrook,MISSED,28.936616279834922,Beyond 3p Line
727,727,Trae Young,-15.82339712906708,22.557905648975005,"(25, 29)",Seth Curry,MISSED,27.554291933784594,Beyond 3p Line
728,728,Trae Young,-9.006896053832568,25.471859883590312,"(25, 29)",Chris Paul,MISSED,27.01739851380592,Beyond 3p Line
729,729,Trae Young,28.31618539008861,2.4784558056450257,"(25, 29)",Seth Curry,MISSED,28.424445433928927,Beyond 3p Line
730,730,Trae Young,26.25249141229668,8.178859517629526,"(25, 29)",Chris Paul,MISSED,27.49703708332645,Beyond 3p Line
731,731,Trae Young,-20.198782718386344,16.819460568579103,"(25, 29)",Chris Paul,MISSED,26.28469282914621,Beyond 3p Line
732,732,Trae Young,-7.113114865370017,26.06520284695336,"(25, 29)",Russell Westbrook,MISSED,27.018349367434965,Beyond 3p Line
733,733,Trae Young,-25.90785966980854,11.25664184814148,"(25, 29)",Chris Paul,MISSED,28.247640226536127,Beyond 3p Line
734,734,Trae Young,7.257923913765869,27.354598821697422,"(25, 29)",Chris Paul,MISSED,28.30108719173213,Beyond 3p Line
735,735,Trae Young,-7.288947588737106,25.33746839632672,"(25, 29)",Russell Westbrook,MISSED,26.365053796383798,Beyond 3p Line
736,736,Trae Young,12.232019511039573,25.303358511848774,"(25, 29)",Chris Paul,MISSED,28.104843947220246,Beyond 3p Line
737,737,Trae Young,0.6850448123985212,26.372713266573577,"(25, 29)",Seth Curry,MISSED,26.381608962227837,Beyond 3p Line
738,738,Trae Young,26.679034179566266,6.47454434445548,"(25, 29)",Chris Paul,MISSED,27.45342581942708,Beyond 3p Line
739,739,Trae Young,4.508030492416572,28.218035021795544,"(25, 29)",Seth Curry,MISSED,28.575861131588624,Beyond 3p Line
740,740,Trae Young,26.18249021811136,9.798480395930143,"(25, 29)",Russell Westbrook,MISSED,27.955911934525126,Beyond 3p Line
741,741,Trae Young,-28.603444594521065,0.4412263319475049,"(25, 29)",Chris Paul,MISSED,28.606847490554426,Beyond 3p Line
742,742,Trae Young,20.912865726295536,19.63858120032001,"(25, 29)",Chris Paul,MISSED,28.688356949250842,Beyond 3p Line
743,743,Trae Young,28.4672675840579,4.224575005593609,"(25, 29)",Russell Westbrook,MISSED,28.779026350455986,Beyond 3p Line
744,744,Trae Young,14.851354805900442,22.26287948380237,"(25, 29)",Chris Paul,MISSED,26.76188600381241,Beyond 3p Line
745,745,Trae Young,21.356398504461158,19.44395608078075,"(25, 29)",Seth Curry,MISSED,28.881883338049157,Beyond 3p Line
746,746,Trae Young,-25.856622999346616,6.264043528403145,"(25, 29)",Chris Paul,MISSED,26.60457092787008,Beyond 3p Line
747,747,Trae Young,-26.176711806439616,7.418523111973218,"(25, 29)",Russell Westbrook,MISSED,27.207622574570458,Beyond 3p Line
748,748,Trae Young,25.58781222153258,10.375176185057528,"(25, 29)",Russell Westbrook,MISSED,27.6112371174382,Beyond 3p Line
749,749,Trae Young,-11.38748553416458,26.651174610201743,"(25, 29)",Seth Curry,MISSED,28.98206229539695,Beyond 3p Line
750,750,Trae Young,9.68211448578699,25.982793239357335,"(25, 29)",Chris Paul,MISSED,27.728124448564486,Beyond 3p Line
751,751,Trae Young,-26.10313874526908,12.115844869275168,"(25, 29)",Russell Westbrook,MISSED,28.777900362102677,Beyond 3p Line
752,752,Trae Young,-24.677397018482093,9.893319931507625,"(25, 29)",Russell Westbrook,MISSED,26.58668281066585,Beyond 3p Line
753,753,Trae Young,-23.87831375015047,13.349684630431016,"(25, 29)",Russell Westbrook,MISSED,27.356680121728786,Beyond 3p Line
754,754,Trae Young,-1.9915418153642583,27.45506877965812,"(25, 29)",Seth Curry,MISSED,27.527205461108878,Beyond 3p Line
755,755,Trae Young,24.201666179311463,11.640420961483455,"(25, 29)",Russell Westbrook,MISSED,26.855540322536275,Beyond 3p Line
756,756,Trae Young,26.57192314794557,10.958708164905907,"(25, 29)",Russell Westbrook,MISSED,28.74300583487922,Beyond 3p Line
757,757,Trae Young,-22.363097600488032,15.733005482578015,"(25, 29)",Russell Westbrook,MISSED,27.342925882278646,Beyond 3p Line
758,758,Trae Young,22.170661458341925,14.91178375601293,"(25, 29)",Seth Curry,MISSED,26.71889826109039,Beyond 3p Line
759,759,Trae Young,-19.822670538071335,20.338814176156404,"(25, 29)",Seth Curry,MISSED,28.400803322320694,Beyond 3p Line
760,760,Trae Young,-18.62966551849097,21.614916136540387,"(25, 29)",Russell Westbrook,MISSED,28.535399715450378,Beyond 3p Line
761,761,Trae Young,-12.780994803636558,25.01573580840901,"(25, 29)",Russell Westbrook,MISSED,28.091651183344517,Beyond 3p Line
762,762,Trae Young,22.388883736280864,18.43174049803704,"(25, 29)",Seth Curry,MISSED,28.999847805526162,Beyond 3p Line
763,763,Trae Young,2.430785813363042,27.261759611607783,"(25, 29)",Russell Westbrook,MISSED,27.36991517691526,Beyond 3p Line
764,764,Trae Young,-12.829642710371877,25.57821929178616,"(25, 29)",Chris Paul,MISSED,28.615468443037933,Beyond 3p Line
765,765,Trae Young,28.459785796305727,5.201821592410133,"(25, 29)",Seth Curry,MISSED,28.931269509837787,Beyond 3p Line
766,766,Trae Young,26.36622836196207,11.92924713862206,"(25, 29)",Seth Curry,MISSED,28.9393319779406,Beyond 3p Line
767,767,Trae Young,-24.856870374233807,8.280661605549641,"(25, 29)",Russell Westbrook,MISSED,26.19987330937091,Beyond 3p Line
768,768,Trae Young,2.793804062101493,26.06356011675693,"(25, 29)",Seth Curry,MISSED,26.21286911227417,Beyond 3p Line
769,769,Trae Young,-6.965520769886943,25.39233416651736,"(25, 29)",Chris Paul,MISSED,26.33038385629445,Beyond 3p Line
770,770,Trae Young,-18.987231549960963,19.5181902502255,"(25, 29)",Chris Paul,MISSED,27.230033282679454,Beyond 3p Line
771,771,Trae Young,26.093329606157187,10.324875131741733,"(25, 29)",Russell Westbrook,MISSED,28.06180493877074,Beyond 3p Line
772,772,Trae Young,6.221765612189241,25.756008078222877,"(25, 29)",Seth Curry,MISSED,26.496836027316593,Beyond 3p Line
773,773,Trae Young,16.397466628007777,22.66032338389484,"(25, 29)",Chris Paul,MISSED,27.970827082503657,Beyond 3p Line
774,774,Trae Young,-11.257103874812657,25.713096624063752,"(25, 29)",Russell Westbrook,MISSED,28.069302193798137,Beyond 3p Line
775,775,Trae Young,-11.2893706409216,26.06419675396209,"(25, 29)",Chris Paul,MISSED,28.404088471509706,Beyond 3p Line
